id,name_kanji,name_kana,name_romaji,municipality_id,lat,lon,created_at
"1130101","東京","","","131016",35.681391,139.766103,2025-05-03T13:51:59.477Z
"1130102","新橋","","","131032",35.666195,139.758587,2025-05-03T13:51:59.477Z
"1130103","品川","","","131032",35.62876,139.738999,2025-05-03T13:51:59.477Z
"1130201","大崎","","","131091",35.619772,139.728439,2025-05-03T13:51:59.477Z
"1130202","五反田","","","131091",35.625974,139.723822,2025-05-03T13:51:59.477Z
"1130203","目黒","","","131091",35.633923,139.715775,2025-05-03T13:51:59.477Z
"1130204","恵比寿","","","131130",35.646685,139.71007,2025-05-03T13:51:59.477Z
"1130205","渋谷","","","131130",35.658871,139.701238,2025-05-03T13:51:59.477Z
"1130206","明治神宮前〈原宿〉","","","131130",35.670646,139.702592,2025-05-03T13:51:59.477Z
"1130207","代々木","","","131130",35.683061,139.702042,2025-05-03T13:51:59.478Z
"1130208","新宿","","","131041",35.689729,139.700464,2025-05-03T13:51:59.478Z
"1130209","新大久保","","","131041",35.700875,139.700261,2025-05-03T13:51:59.478Z
"1130210","高田馬場","","","131041",35.712677,139.703715,2025-05-03T13:51:59.478Z
"1130211","目白","","","131164",35.720476,139.706228,2025-05-03T13:51:59.478Z
"1130212","池袋","","","131164",35.730256,139.711086,2025-05-03T13:51:59.478Z
"1130213","大塚","","","131164",35.731412,139.728584,2025-05-03T13:51:59.478Z
"1130214","巣鴨","","","131164",35.733445,139.739303,2025-05-03T13:51:59.478Z
"1130215","駒込","","","131164",35.736825,139.748053,2025-05-03T13:51:59.478Z
"1130216","田端","","","131172",35.737781,139.761229,2025-05-03T13:51:59.478Z
"1130217","西日暮里","","","131181",35.731954,139.766857,2025-05-03T13:51:59.478Z
"1130218","日暮里","","","131181",35.727908,139.771287,2025-05-03T13:51:59.478Z
"1130219","鶯谷","","","131067",35.721484,139.778015,2025-05-03T13:51:59.478Z
"1130220","上野","","","131067",35.71379,139.777043,2025-05-03T13:51:59.478Z
"1130221","御徒町","","","131067",35.707282,139.774727,2025-05-03T13:51:59.478Z
"1130222","秋葉原","","","131016",35.698619,139.773288,2025-05-03T13:51:59.478Z
"1130223","神田","","","131016",35.691173,139.770641,2025-05-03T13:51:59.478Z
"1130225","有楽町","","","131016",35.675441,139.763806,2025-05-03T13:51:59.478Z
"1130227","浜松町","","","131032",35.655391,139.757135,2025-05-03T13:51:59.478Z
"1130228","田町","","","131032",35.645736,139.747575,2025-05-03T13:51:59.478Z
"1130317","矢野口","","","132250",35.641305,139.520849,2025-05-03T13:51:59.478Z
"1130318","稲城長沼","","","132250",35.644184,139.502811,2025-05-03T13:51:59.478Z
"1130319","南多摩","","","132250",35.649249,139.489781,2025-05-03T13:51:59.478Z
"1130320","府中本町","","","132063",35.665766,139.477142,2025-05-03T13:51:59.478Z
"1130321","分倍河原","","","132063",35.668493,139.468798,2025-05-03T13:51:59.478Z
"1130322","谷保","","","132152",35.681377,139.446724,2025-05-03T13:51:59.478Z
"1130323","矢川","","","132152",35.685079,139.431611,2025-05-03T13:51:59.478Z
"1130324","西国立","","","132021",35.69375,139.423887,2025-05-03T13:51:59.478Z
"1130325","立川","","","132021",35.698202,139.413704,2025-05-03T13:51:59.478Z
"1130329","西府","","","132063",35.670912,139.457477,2025-05-03T13:51:59.478Z
"1130502","北府中","","","132063",35.68088,139.471792,2025-05-03T13:51:59.478Z
"1130503","西国分寺","","","132144",35.699744,139.465994,2025-05-03T13:51:59.478Z
"1130504","新小平","","","132110",35.73128,139.470745,2025-05-03T13:51:59.478Z
"1130505","新秋津","","","132136",35.778331,139.493592,2025-05-03T13:51:59.478Z
"1130610","成瀬","","","132098",35.535412,139.472875,2025-05-03T13:51:59.478Z
"1130611","町田","","","132098",35.542004,139.445579,2025-05-03T13:51:59.478Z
"1130617","相原","","","132098",35.60694,139.33169,2025-05-03T13:51:59.478Z
"1130618","八王子みなみ野","","","132012",35.630664,139.330678,2025-05-03T13:51:59.478Z
"1130619","片倉","","","132012",35.639704,139.34119,2025-05-03T13:51:59.478Z
"1130620","八王子","","","132012",35.655555,139.338998,2025-05-03T13:51:59.478Z
"1130804","西大井","","","131091",35.601616,139.721729,2025-05-03T13:51:59.478Z
"1131102","四ツ谷","","","131016",35.686041,139.730644,2025-05-03T13:51:59.478Z
"1131104","吉祥寺","","","132039",35.703119,139.579765,2025-05-03T13:51:59.478Z
"1131105","三鷹","","","132047",35.702683,139.560325,2025-05-03T13:51:59.478Z
"1131106","国分寺","","","132144",35.700123,139.480841,2025-05-03T13:51:59.478Z
"1131108","日野","","","132128",35.679244,139.39393,2025-05-03T13:51:59.478Z
"1131109","豊田","","","132128",35.659502,139.381495,2025-05-03T13:51:59.478Z
"1131111","西八王子","","","132012",35.656621,139.31264,2025-05-03T13:51:59.478Z
"1131112","高尾","","","132012",35.642026,139.282288,2025-05-03T13:51:59.478Z
"1131203","御茶ノ水","","","131016",35.699605,139.764955,2025-05-03T13:51:59.478Z
"1131214","中野","","","131148",35.705765,139.665835,2025-05-03T13:51:59.478Z
"1131215","高円寺","","","131156",35.705326,139.649664,2025-05-03T13:51:59.478Z
"1131216","阿佐ケ谷","","","131156",35.704818,139.635868,2025-05-03T13:51:59.478Z
"1131217","荻窪","","","131156",35.704523,139.620109,2025-05-03T13:51:59.478Z
"1131218","西荻窪","","","131156",35.703842,139.599361,2025-05-03T13:51:59.479Z
"1131221","武蔵境","","","132039",35.702083,139.543402,2025-05-03T13:51:59.479Z
"1131222","東小金井","","","132101",35.701643,139.524837,2025-05-03T13:51:59.479Z
"1131223","武蔵小金井","","","132101",35.701337,139.506483,2025-05-03T13:51:59.479Z
"1131226","国立","","","132152",35.69923,139.44634,2025-05-03T13:51:59.479Z
"1131308","東中野","","","131148",35.706529,139.684436,2025-05-03T13:51:59.479Z
"1131309","大久保","","","131041",35.700784,139.69732,2025-05-03T13:51:59.479Z
"1131312","千駄ケ谷","","","131130",35.681231,139.711644,2025-05-03T13:51:59.479Z
"1131313","信濃町","","","131041",35.680031,139.720729,2025-05-03T13:51:59.479Z
"1131315","市ケ谷","","","131016",35.691105,139.735241,2025-05-03T13:51:59.479Z
"1131316","飯田橋","","","131016",35.701835,139.745143,2025-05-03T13:51:59.479Z
"1131317","水道橋","","","131016",35.702039,139.754312,2025-05-03T13:51:59.479Z
"1131320","浅草橋","","","131067",35.697403,139.784427,2025-05-03T13:51:59.479Z
"1131321","両国","","","131075",35.69579,139.793334,2025-05-03T13:51:59.479Z
"1131322","錦糸町","","","131075",35.696802,139.814136,2025-05-03T13:51:59.479Z
"1131323","亀戸","","","131083",35.697345,139.826262,2025-05-03T13:51:59.479Z
"1131324","平井","","","131237",35.70643,139.842181,2025-05-03T13:51:59.479Z
"1131325","新小岩","","","131229",35.716903,139.857777,2025-05-03T13:51:59.479Z
"1131326","小岩","","","131237",35.733207,139.881755,2025-05-03T13:51:59.479Z
"1131402","三越前","","","131024",35.688687,139.77323,2025-05-03T13:51:59.479Z
"1131403","馬喰町","","","131024",35.693365,139.78238,2025-05-03T13:51:59.479Z
"1131502","西立川","","","132021",35.703526,139.393556,2025-05-03T13:51:59.479Z
"1131503","東中神","","","132071",35.706337,139.384529,2025-05-03T13:51:59.479Z
"1131504","中神","","","132071",35.709058,139.375816,2025-05-03T13:51:59.479Z
"1131505","昭島","","","132071",35.713305,139.361564,2025-05-03T13:51:59.479Z
"1131506","拝島","","","132071",35.721278,139.343468,2025-05-03T13:51:59.479Z
"1131507","牛浜","","","132187",35.734547,139.333677,2025-05-03T13:51:59.479Z
"1131508","福生","","","132187",35.742456,139.327763,2025-05-03T13:51:59.479Z
"1131509","羽村","","","132276",35.758073,139.316188,2025-05-03T13:51:59.479Z
"1131510","小作","","","132276",35.776048,139.302233,2025-05-03T13:51:59.479Z
"1131511","河辺","","","132055",35.78473,139.284032,2025-05-03T13:51:59.479Z
"1131512","東青梅","","","132055",35.789768,139.272841,2025-05-03T13:51:59.479Z
"1131513","青梅","","","132055",35.790512,139.258096,2025-05-03T13:51:59.479Z
"1131514","宮ノ平","","","132055",35.787545,139.237289,2025-05-03T13:51:59.479Z
"1131515","日向和田","","","132055",35.788665,139.229515,2025-05-03T13:51:59.479Z
"1131516","石神前","","","132055",35.79683,139.225096,2025-05-03T13:51:59.479Z
"1131517","二俣尾","","","132055",35.803946,139.216161,2025-05-03T13:51:59.479Z
"1131518","軍畑","","","132055",35.807382,139.207431,2025-05-03T13:51:59.479Z
"1131519","沢井","","","132055",35.80594,139.193324,2025-05-03T13:51:59.479Z
"1131520","御嶽","","","132055",35.801468,139.182589,2025-05-03T13:51:59.479Z
"1131521","川井","","","133086",35.813697,139.16429,2025-05-03T13:51:59.479Z
"1131522","古里","","","133086",35.816247,139.152102,2025-05-03T13:51:59.479Z
"1131523","鳩ノ巣","","","133086",35.815127,139.128932,2025-05-03T13:51:59.479Z
"1131524","白丸","","","133086",35.811735,139.114861,2025-05-03T13:51:59.479Z
"1131525","奥多摩","","","133086",35.809357,139.096961,2025-05-03T13:51:59.479Z
"1131602","熊川","","","132187",35.728321,139.33584,2025-05-03T13:51:59.479Z
"1131603","東秋留","","","132284",35.725904,139.311665,2025-05-03T13:51:59.479Z
"1131604","秋川","","","132284",35.727998,139.286715,2025-05-03T13:51:59.479Z
"1131605","武蔵引田","","","132284",35.729711,139.269907,2025-05-03T13:51:59.479Z
"1131606","武蔵増戸","","","132284",35.730961,139.256355,2025-05-03T13:51:59.479Z
"1131607","武蔵五日市","","","132284",35.732248,139.228039,2025-05-03T13:51:59.479Z
"1131702","北八王子","","","132012",35.669232,139.363348,2025-05-03T13:51:59.479Z
"1131703","小宮","","","132012",35.685799,139.368481,2025-05-03T13:51:59.479Z
"1131705","東福生","","","132187",35.745811,139.33594,2025-05-03T13:51:59.479Z
"1131706","箱根ケ崎","","","133035",35.771158,139.346805,2025-05-03T13:51:59.479Z
"1131902","尾久","","","131172",35.74683,139.753846,2025-05-03T13:51:59.479Z
"1131903","赤羽","","","131172",35.778026,139.720928,2025-05-03T13:51:59.479Z
"1132003","三河島","","","131181",35.733383,139.777131,2025-05-03T13:51:59.479Z
"1132004","南千住","","","131181",35.734033,139.7994,2025-05-03T13:51:59.479Z
"1132005","北千住","","","131211",35.749677,139.804872,2025-05-03T13:51:59.479Z
"1132006","綾瀬","","","131211",35.762222,139.825019,2025-05-03T13:51:59.479Z
"1132007","亀有","","","131229",35.766527,139.847573,2025-05-03T13:51:59.479Z
"1132008","金町","","","131229",35.769582,139.870482,2025-05-03T13:51:59.479Z
"1132106","板橋","","","131199",35.745435,139.719507,2025-05-03T13:51:59.479Z
"1132107","十条","","","131172",35.760321,139.722233,2025-05-03T13:51:59.479Z
"1132109","北赤羽","","","131172",35.787007,139.70569,2025-05-03T13:51:59.479Z
"1132110","浮間舟渡","","","131172",35.791209,139.691341,2025-05-03T13:51:59.479Z
"1132602","八丁堀","","","131024",35.674617,139.777705,2025-05-03T13:51:59.479Z
"1132603","越中島","","","131083",35.667946,139.792713,2025-05-03T13:51:59.479Z
"1132604","潮見","","","131083",35.658702,139.817341,2025-05-03T13:51:59.479Z
"1132605","新木場","","","131083",35.646172,139.827402,2025-05-03T13:51:59.479Z
"1132606","葛西臨海公園","","","131237",35.644392,139.861529,2025-05-03T13:51:59.479Z
"1133211","東十条","","","131172",35.763803,139.726858,2025-05-03T13:51:59.479Z
"1133212","王子","","","131172",35.752538,139.73809,2025-05-03T13:51:59.479Z
"1133213","上中里","","","131172",35.74728,139.745769,2025-05-03T13:51:59.479Z
"1133228","大井町","","","131091",35.606257,139.73485,2025-05-03T13:51:59.479Z
"1133229","大森","","","131113",35.588903,139.728079,2025-05-03T13:51:59.479Z
"1133230","蒲田","","","131113",35.562517,139.716032,2025-05-03T13:51:59.479Z
"2100102","北池袋","","","131164",35.741283,139.716749,2025-05-03T13:51:59.479Z
"2100103","下板橋","","","131199",35.745721,139.714785,2025-05-03T13:51:59.479Z
"2100104","大山","","","131199",35.748398,139.702589,2025-05-03T13:51:59.479Z
"2100105","中板橋","","","131199",35.756214,139.694628,2025-05-03T13:51:59.479Z
"2100106","ときわ台","","","131199",35.758771,139.689015,2025-05-03T13:51:59.479Z
"2100107","上板橋","","","131199",35.763596,139.67641,2025-05-03T13:51:59.479Z
"2100108","東武練馬","","","131199",35.768698,139.661964,2025-05-03T13:51:59.479Z
"2100109","地下鉄赤塚","","","131199",35.770558,139.644482,2025-05-03T13:51:59.479Z
"2100110","地下鉄成増","","","131199",35.777723,139.632708,2025-05-03T13:51:59.479Z
"2100201","浅草","","","131067",35.711883,139.798214,2025-05-03T13:51:59.479Z
"2100202","とうきょうスカイツリー","","","131075",35.71043,139.809332,2025-05-03T13:51:59.479Z
"2100203","押上","","","131075",35.710702,139.812935,2025-05-03T13:51:59.479Z
"2100204","曳舟","","","131075",35.718418,139.816634,2025-05-03T13:51:59.479Z
"2100205","東向島","","","131075",35.724324,139.819306,2025-05-03T13:51:59.479Z
"2100206","鐘ヶ淵","","","131075",35.733712,139.820344,2025-05-03T13:51:59.479Z
"2100207","堀切","","","131211",35.742977,139.817727,2025-05-03T13:51:59.479Z
"2100208","牛田","","","131211",35.744555,139.811816,2025-05-03T13:51:59.479Z
"2100210","小菅","","","131211",35.759039,139.812935,2025-05-03T13:51:59.479Z
"2100211","五反野","","","131211",35.765852,139.809643,2025-05-03T13:51:59.479Z
"2100212","梅島","","","131211",35.772437,139.797916,2025-05-03T13:51:59.479Z
"2100213","西新井","","","131211",35.777323,139.790372,2025-05-03T13:51:59.479Z
"2100214","竹ノ塚","","","131211",35.794368,139.790788,2025-05-03T13:51:59.479Z
"2100502","小村井","","","131075",35.710316,139.827595,2025-05-03T13:51:59.479Z
"2100503","東あずま","","","131075",35.707067,139.831883,2025-05-03T13:51:59.479Z
"2100504","亀戸水神","","","131083",35.699976,139.833422,2025-05-03T13:51:59.479Z
"2100602","大師前","","","131211",35.778989,139.781647,2025-05-03T13:51:59.479Z
"2200102","椎名町","","","131164",35.726572,139.694363,2025-05-03T13:51:59.479Z
"2200103","東長崎","","","131164",35.73003,139.683294,2025-05-03T13:51:59.479Z
"2200104","江古田","","","131202",35.737557,139.672814,2025-05-03T13:51:59.479Z
"2200105","桜台","","","131202",35.738797,139.662602,2025-05-03T13:51:59.479Z
"2200106","練馬","","","131202",35.737893,139.654368,2025-05-03T13:51:59.479Z
"2200107","中村橋","","","131202",35.736767,139.637456,2025-05-03T13:51:59.479Z
"2200108","富士見台","","","131202",35.735867,139.62969,2025-05-03T13:51:59.479Z
"2200109","練馬高野台","","","131202",35.740622,139.616749,2025-05-03T13:51:59.479Z
"2200110","石神井公園","","","131202",35.743563,139.606981,2025-05-03T13:51:59.479Z
"2200111","大泉学園","","","131202",35.749406,139.586732,2025-05-03T13:51:59.479Z
"2200112","保谷","","","132292",35.748222,139.567753,2025-05-03T13:51:59.479Z
"2200113","ひばりヶ丘","","","132292",35.751485,139.545852,2025-05-03T13:51:59.479Z
"2200114","東久留米","","","132225",35.760445,139.533739,2025-05-03T13:51:59.479Z
"2200115","清瀬","","","132217",35.772221,139.519917,2025-05-03T13:51:59.479Z
"2200116","秋津","","","132136",35.778614,139.496539,2025-05-03T13:51:59.479Z
"2200301","小竹向原","","","131202",35.743803,139.678572,2025-05-03T13:51:59.479Z
"2200302","新桜台","","","131202",35.74077,139.6683,2025-05-03T13:51:59.479Z
"2200402","豊島園","","","131202",35.742054,139.647979,2025-05-03T13:51:59.479Z
"2200601","西武遊園地","","","132136",35.765881,139.442747,2025-05-03T13:51:59.479Z
"2200701","西武新宿","","","131041",35.696254,139.7,2025-05-03T13:51:59.479Z
"2200703","下落合","","","131041",35.715846,139.695391,2025-05-03T13:51:59.479Z
"2200704","中井","","","131041",35.715106,139.686967,2025-05-03T13:51:59.479Z
"2200705","新井薬師前","","","131148",35.715778,139.672582,2025-05-03T13:51:59.479Z
"2200706","沼袋","","","131148",35.719458,139.663841,2025-05-03T13:51:59.479Z
"2200707","野方","","","131148",35.719658,139.652733,2025-05-03T13:51:59.479Z
"2200708","都立家政","","","131148",35.722313,139.644839,2025-05-03T13:51:59.479Z
"2200709","鷺ノ宮","","","131148",35.722605,139.63892,2025-05-03T13:51:59.479Z
"2200710","下井草","","","131156",35.723852,139.624688,2025-05-03T13:51:59.479Z
"2200711","井荻","","","131156",35.72469,139.615303,2025-05-03T13:51:59.479Z
"2200712","上井草","","","131156",35.725326,139.602937,2025-05-03T13:51:59.479Z
"2200713","上石神井","","","131202",35.726189,139.592266,2025-05-03T13:51:59.479Z
"2200714","武蔵関","","","131202",35.7276,139.576417,2025-05-03T13:51:59.479Z
"2200715","東伏見","","","132292",35.728761,139.563529,2025-05-03T13:51:59.479Z
"2200716","西武柳沢","","","132292",35.728621,139.552477,2025-05-03T13:51:59.479Z
"2200717","田無","","","132292",35.727307,139.539259,2025-05-03T13:51:59.480Z
"2200718","花小金井","","","132110",35.726129,139.513228,2025-05-03T13:51:59.480Z
"2200719","小平","","","132110",35.736963,139.488491,2025-05-03T13:51:59.480Z
"2200720","久米川","","","132136",35.749575,139.472653,2025-05-03T13:51:59.480Z
"2200721","東村山","","","132136",35.76006,139.465839,2025-05-03T13:51:59.480Z
"2200802","萩山","","","132136",35.740759,139.476903,2025-05-03T13:51:59.480Z
"2200803","小川","","","132110",35.737573,139.463493,2025-05-03T13:51:59.480Z
"2200804","東大和市","","","132209",35.732829,139.434249,2025-05-03T13:51:59.480Z
"2200805","玉川上水","","","132021",35.731751,139.418435,2025-05-03T13:51:59.480Z
"2200806","武蔵砂川","","","132021",35.728876,139.392319,2025-05-03T13:51:59.480Z
"2200807","西武立川","","","132021",35.7262,139.370124,2025-05-03T13:51:59.480Z
"2200902","西武園","","","132136",35.767684,139.448904,2025-05-03T13:51:59.480Z
"2201002","恋ヶ窪","","","132144",35.711385,139.463944,2025-05-03T13:51:59.480Z
"2201003","鷹の台","","","132110",35.723097,139.461155,2025-05-03T13:51:59.480Z
"2201102","一橋学園","","","132110",35.72217,139.480039,2025-05-03T13:51:59.480Z
"2201103","青梅街道","","","132110",35.73098,139.476628,2025-05-03T13:51:59.480Z
"2201106","八坂","","","132136",35.744925,139.467676,2025-05-03T13:51:59.480Z
"2201107","武蔵大和","","","132136",35.756427,139.444008,2025-05-03T13:51:59.480Z
"2201202","新小金井","","","132101",35.695908,139.526603,2025-05-03T13:51:59.480Z
"2201203","多磨","","","132063",35.676821,139.51713,2025-05-03T13:51:59.480Z
"2201204","白糸台","","","132063",35.666517,139.509862,2025-05-03T13:51:59.480Z
"2201205","競艇場前","","","132063",35.656232,139.499721,2025-05-03T13:51:59.480Z
"2201206","是政","","","132063",35.656242,139.488592,2025-05-03T13:51:59.480Z
"2300101","京成上野","","","131067",35.711232,139.773571,2025-05-03T13:51:59.480Z
"2300103","新三河島","","","131181",35.73714,139.773834,2025-05-03T13:51:59.480Z
"2300104","町屋","","","131181",35.742354,139.781499,2025-05-03T13:51:59.480Z
"2300105","千住大橋","","","131211",35.74243,139.796934,2025-05-03T13:51:59.480Z
"2300107","堀切菖蒲園","","","131229",35.747649,139.827545,2025-05-03T13:51:59.480Z
"2300108","お花茶屋","","","131229",35.747585,139.83988,2025-05-03T13:51:59.480Z
"2300109","青砥","","","131229",35.745883,139.856292,2025-05-03T13:51:59.480Z
"2300110","京成高砂","","","131229",35.750932,139.866875,2025-05-03T13:51:59.480Z
"2300111","京成小岩","","","131237",35.742158,139.88371,2025-05-03T13:51:59.480Z
"2300112","江戸川","","","131237",35.737723,139.896226,2025-05-03T13:51:59.480Z
"2300202","京成曳舟","","","131075",35.718441,139.820012,2025-05-03T13:51:59.480Z
"2300203","八広","","","131075",35.727687,139.828738,2025-05-03T13:51:59.480Z
"2300204","四ツ木","","","131229",35.731962,139.834918,2025-05-03T13:51:59.480Z
"2300205","京成立石","","","131229",35.738281,139.848558,2025-05-03T13:51:59.480Z
"2300302","柴又","","","131229",35.756323,139.875188,2025-05-03T13:51:59.480Z
"2400102","初台","","","131130",35.68123,139.686354,2025-05-03T13:51:59.480Z
"2400103","幡ヶ谷","","","131130",35.677061,139.676183,2025-05-03T13:51:59.480Z
"2400104","笹塚","","","131130",35.673758,139.667251,2025-05-03T13:51:59.480Z
"2400105","代田橋","","","131121",35.671092,139.659413,2025-05-03T13:51:59.480Z
"2400106","明大前","","","131121",35.668758,139.650352,2025-05-03T13:51:59.480Z
"2400107","下高井戸","","","131121",35.66615,139.641372,2025-05-03T13:51:59.480Z
"2400108","桜上水","","","131121",35.66768,139.63129,2025-05-03T13:51:59.480Z
"2400109","上北沢","","","131121",35.668857,139.62329,2025-05-03T13:51:59.480Z
"2400110","八幡山","","","131156",35.669982,139.614927,2025-05-03T13:51:59.480Z
"2400111","芦花公園","","","131121",35.670479,139.608247,2025-05-03T13:51:59.480Z
"2400112","千歳烏山","","","131121",35.667921,139.60067,2025-05-03T13:51:59.480Z
"2400113","仙川","","","132080",35.662257,139.584908,2025-05-03T13:51:59.480Z
"2400114","つつじヶ丘","","","132080",35.657936,139.575103,2025-05-03T13:51:59.480Z
"2400115","柴崎","","","132080",35.653997,139.56658,2025-05-03T13:51:59.480Z
"2400116","国領","","","132080",35.650087,139.558036,2025-05-03T13:51:59.480Z
"2400117","布田","","","132080",35.649904,139.551557,2025-05-03T13:51:59.480Z
"2400118","調布","","","132080",35.652181,139.543988,2025-05-03T13:51:59.480Z
"2400119","西調布","","","132080",35.657169,139.529822,2025-05-03T13:51:59.480Z
"2400120","飛田給","","","132080",35.660121,139.523666,2025-05-03T13:51:59.480Z
"2400121","武蔵野台","","","132063",35.664159,139.511289,2025-05-03T13:51:59.480Z
"2400122","多磨霊園","","","132063",35.666197,139.502615,2025-05-03T13:51:59.480Z
"2400123","東府中","","","132063",35.668766,139.495257,2025-05-03T13:51:59.480Z
"2400124","府中","","","132063",35.672245,139.4799,2025-05-03T13:51:59.480Z
"2400126","中河原","","","132063",35.659549,139.457602,2025-05-03T13:51:59.480Z
"2400127","聖蹟桜ヶ丘","","","132241",35.650814,139.446979,2025-05-03T13:51:59.480Z
"2400128","百草園","","","132128",35.657362,139.431285,2025-05-03T13:51:59.480Z
"2400129","高幡不動","","","132128",35.662361,139.412953,2025-05-03T13:51:59.480Z
"2400130","南平","","","132128",35.654559,139.392008,2025-05-03T13:51:59.480Z
"2400131","平山城址公園","","","132128",35.647371,139.379926,2025-05-03T13:51:59.480Z
"2400132","長沼","","","132012",35.642788,139.365849,2025-05-03T13:51:59.480Z
"2400133","北野","","","132012",35.644479,139.354489,2025-05-03T13:51:59.480Z
"2400134","京王八王子","","","132012",35.657416,139.343851,2025-05-03T13:51:59.480Z
"2400202","京王多摩川","","","132080",35.644499,139.536606,2025-05-03T13:51:59.480Z
"2400204","京王よみうりランド","","","132250",35.632934,139.517597,2025-05-03T13:51:59.480Z
"2400205","稲城","","","132250",35.636166,139.500398,2025-05-03T13:51:59.480Z
"2400207","京王永山","","","132241",35.630102,139.448204,2025-05-03T13:51:59.480Z
"2400208","京王多摩センター","","","132241",35.62518,139.42402,2025-05-03T13:51:59.480Z
"2400209","京王堀之内","","","132012",35.624438,139.400314,2025-05-03T13:51:59.480Z
"2400210","南大沢","","","132012",35.6141,139.3798,2025-05-03T13:51:59.480Z
"2400211","多摩境","","","132098",35.601826,139.366987,2025-05-03T13:51:59.480Z
"2400302","京王片倉","","","132012",35.644343,139.337035,2025-05-03T13:51:59.480Z
"2400303","山田","","","132012",35.644411,139.321082,2025-05-03T13:51:59.480Z
"2400304","めじろ台","","","132012",35.643601,139.308446,2025-05-03T13:51:59.480Z
"2400305","狭間","","","132012",35.640637,139.293808,2025-05-03T13:51:59.480Z
"2400307","高尾山口","","","132012",35.632377,139.269856,2025-05-03T13:51:59.480Z
"2400402","府中競馬正門前","","","132063",35.668288,139.485019,2025-05-03T13:51:59.480Z
"2400502","多摩動物公園","","","132128",35.649215,139.404627,2025-05-03T13:51:59.480Z
"2400602","神泉","","","131130",35.657244,139.693579,2025-05-03T13:51:59.480Z
"2400603","駒場東大前","","","131105",35.65868,139.684308,2025-05-03T13:51:59.480Z
"2400604","池ノ上","","","131121",35.660402,139.67344,2025-05-03T13:51:59.480Z
"2400605","下北沢","","","131121",35.661539,139.66691,2025-05-03T13:51:59.480Z
"2400606","新代田","","","131121",35.662593,139.660524,2025-05-03T13:51:59.480Z
"2400607","東松原","","","131121",35.662634,139.655535,2025-05-03T13:51:59.480Z
"2400609","永福町","","","131156",35.67629,139.642733,2025-05-03T13:51:59.480Z
"2400610","西永福","","","131156",35.678918,139.634936,2025-05-03T13:51:59.480Z
"2400611","浜田山","","","131156",35.681603,139.627528,2025-05-03T13:51:59.480Z
"2400612","高井戸","","","131156",35.683253,139.615115,2025-05-03T13:51:59.480Z
"2400613","富士見ヶ丘","","","131156",35.684805,139.607072,2025-05-03T13:51:59.480Z
"2400614","久我山","","","131156",35.688138,139.599211,2025-05-03T13:51:59.480Z
"2400615","三鷹台","","","132047",35.692046,139.589298,2025-05-03T13:51:59.480Z
"2400616","井の頭公園","","","132047",35.697304,139.583112,2025-05-03T13:51:59.480Z
"2500102","南新宿","","","131130",35.683483,139.69867,2025-05-03T13:51:59.480Z
"2500103","参宮橋","","","131130",35.678586,139.693568,2025-05-03T13:51:59.480Z
"2500104","代々木八幡","","","131130",35.669715,139.688913,2025-05-03T13:51:59.480Z
"2500105","代々木上原","","","131130",35.669159,139.680153,2025-05-03T13:51:59.480Z
"2500106","東北沢","","","131121",35.665379,139.673014,2025-05-03T13:51:59.480Z
"2500108","世田谷代田","","","131121",35.65834,139.661557,2025-05-03T13:51:59.480Z
"2500109","梅ヶ丘","","","131121",35.656024,139.653628,2025-05-03T13:51:59.480Z
"2500110","豪徳寺","","","131121",35.653807,139.647381,2025-05-03T13:51:59.480Z
"2500111","経堂","","","131121",35.650991,139.635993,2025-05-03T13:51:59.480Z
"2500112","千歳船橋","","","131121",35.647616,139.624544,2025-05-03T13:51:59.480Z
"2500113","祖師ヶ谷大蔵","","","131121",35.643236,139.609659,2025-05-03T13:51:59.480Z
"2500114","成城学園前","","","131121",35.640114,139.598958,2025-05-03T13:51:59.480Z
"2500115","喜多見","","","131121",35.636697,139.587445,2025-05-03T13:51:59.480Z
"2500116","狛江","","","132195",35.632001,139.577127,2025-05-03T13:51:59.480Z
"2500117","和泉多摩川","","","132195",35.627349,139.573695,2025-05-03T13:51:59.480Z
"2500125","鶴川","","","132098",35.583077,139.481759,2025-05-03T13:51:59.480Z
"2500126","玉川学園前","","","132098",35.563486,139.463388,2025-05-03T13:51:59.480Z
"2500308","唐木田","","","132241",35.616672,139.411622,2025-05-03T13:51:59.480Z
"2600102","代官山","","","131130",35.648193,139.703284,2025-05-03T13:51:59.480Z
"2600103","中目黒","","","131105",35.643854,139.698621,2025-05-03T13:51:59.480Z
"2600104","祐天寺","","","131105",35.637163,139.690758,2025-05-03T13:51:59.480Z
"2600105","学芸大学","","","131105",35.628786,139.68522,2025-05-03T13:51:59.480Z
"2600106","都立大学","","","131105",35.617835,139.676393,2025-05-03T13:51:59.480Z
"2600107","自由が丘","","","131105",35.607224,139.668664,2025-05-03T13:51:59.480Z
"2600108","田園調布","","","131113",35.596815,139.667356,2025-05-03T13:51:59.480Z
"2600109","多摩川","","","131113",35.589591,139.668723,2025-05-03T13:51:59.480Z
"2600202","不動前","","","131091",35.626526,139.71469,2025-05-03T13:51:59.480Z
"2600203","武蔵小山","","","131091",35.620538,139.704524,2025-05-03T13:51:59.480Z
"2600204","西小山","","","131091",35.615455,139.698694,2025-05-03T13:51:59.480Z
"2600205","洗足","","","131105",35.61043,139.694367,2025-05-03T13:51:59.480Z
"2600206","大岡山","","","131113",35.607456,139.685909,2025-05-03T13:51:59.480Z
"2600207","奥沢","","","131121",35.603947,139.672355,2025-05-03T13:51:59.480Z
"2600302","池尻大橋","","","131121",35.650603,139.684319,2025-05-03T13:51:59.480Z
"2600303","三軒茶屋","","","131121",35.643716,139.670156,2025-05-03T13:51:59.480Z
"2600304","駒沢大学","","","131121",35.633471,139.661702,2025-05-03T13:51:59.480Z
"2600305","桜新町","","","131121",35.631666,139.644779,2025-05-03T13:51:59.480Z
"2600306","用賀","","","131121",35.626436,139.633928,2025-05-03T13:51:59.480Z
"2600307","二子玉川","","","131121",35.611788,139.626685,2025-05-03T13:51:59.480Z
"2600323","つくし野","","","132098",35.527559,139.485139,2025-05-03T13:51:59.480Z
"2600324","すずかけ台","","","132098",35.517094,139.481684,2025-05-03T13:51:59.480Z
"2600325","南町田","","","132098",35.511502,139.470318,2025-05-03T13:51:59.480Z
"2600402","下神明","","","131091",35.608704,139.726256,2025-05-03T13:51:59.480Z
"2600403","戸越公園","","","131091",35.608856,139.718159,2025-05-03T13:51:59.480Z
"2600404","中延","","","131091",35.60571,139.712526,2025-05-03T13:51:59.480Z
"2600405","荏原町","","","131091",35.60382,139.707571,2025-05-03T13:51:59.480Z
"2600406","旗の台","","","131091",35.604923,139.702286,2025-05-03T13:51:59.480Z
"2600407","北千束","","","131113",35.606311,139.693303,2025-05-03T13:51:59.480Z
"2600409","緑が丘","","","131105",35.60638,139.679482,2025-05-03T13:51:59.480Z
"2600411","九品仏","","","131121",35.60538,139.660992,2025-05-03T13:51:59.480Z
"2600412","尾山台","","","131121",35.606971,139.653862,2025-05-03T13:51:59.480Z
"2600413","等々力","","","131121",35.608369,139.647938,2025-05-03T13:51:59.480Z
"2600414","上野毛","","","131121",35.611957,139.638917,2025-05-03T13:51:59.480Z
"2600502","大崎広小路","","","131091",35.622244,139.722339,2025-05-03T13:51:59.481Z
"2600503","戸越銀座","","","131091",35.615928,139.714862,2025-05-03T13:51:59.481Z
"2600504","荏原中延","","","131091",35.610056,139.712196,2025-05-03T13:51:59.481Z
"2600506","長原","","","131113",35.60219,139.697881,2025-05-03T13:51:59.481Z
"2600507","洗足池","","","131113",35.599648,139.690896,2025-05-03T13:51:59.481Z
"2600508","石川台","","","131113",35.596888,139.685063,2025-05-03T13:51:59.481Z
"2600509","雪が谷大塚","","","131113",35.592038,139.681083,2025-05-03T13:51:59.481Z
"2600510","御嶽山","","","131113",35.585236,139.682473,2025-05-03T13:51:59.481Z
"2600511","久が原","","","131113",35.579499,139.685678,2025-05-03T13:51:59.481Z
"2600512","千鳥町","","","131113",35.572983,139.69142,2025-05-03T13:51:59.481Z
"2600513","池上","","","131113",35.572025,139.702822,2025-05-03T13:51:59.481Z
"2600514","蓮沼","","","131113",35.564173,139.708544,2025-05-03T13:51:59.481Z
"2600602","沼部","","","131113",35.582526,139.67326,2025-05-03T13:51:59.481Z
"2600603","鵜の木","","","131113",35.575452,139.680554,2025-05-03T13:51:59.481Z
"2600604","下丸子","","","131113",35.571397,139.685576,2025-05-03T13:51:59.481Z
"2600605","武蔵新田","","","131113",35.567806,139.692506,2025-05-03T13:51:59.481Z
"2600606","矢口渡","","","131113",35.562462,139.700389,2025-05-03T13:51:59.481Z
"2600702","西太子堂","","","131121",35.644545,139.666382,2025-05-03T13:51:59.481Z
"2600703","若林","","","131121",35.645933,139.659911,2025-05-03T13:51:59.481Z
"2600704","松陰神社前","","","131121",35.643947,139.655211,2025-05-03T13:51:59.481Z
"2600705","世田谷","","","131121",35.643564,139.650945,2025-05-03T13:51:59.481Z
"2600706","上町","","","131121",35.643656,139.646276,2025-05-03T13:51:59.481Z
"2600707","宮の坂","","","131121",35.647508,139.64494,2025-05-03T13:51:59.481Z
"2600709","松原","","","131121",35.660048,139.642,2025-05-03T13:51:59.481Z
"2700101","泉岳寺","","","131032",35.638692,139.74002,2025-05-03T13:51:59.481Z
"2700103","北品川","","","131091",35.622458,139.739191,2025-05-03T13:51:59.481Z
"2700104","新馬場","","","131091",35.61762,139.741366,2025-05-03T13:51:59.481Z
"2700105","青物横丁","","","131091",35.609351,139.742958,2025-05-03T13:51:59.481Z
"2700106","鮫洲","","","131091",35.604977,139.742227,2025-05-03T13:51:59.481Z
"2700107","立会川","","","131091",35.598489,139.738886,2025-05-03T13:51:59.481Z
"2700108","大森海岸","","","131091",35.587576,139.73544,2025-05-03T13:51:59.481Z
"2700109","平和島","","","131113",35.57868,139.73491,2025-05-03T13:51:59.481Z
"2700110","大森町","","","131113",35.572431,139.732027,2025-05-03T13:51:59.481Z
"2700111","梅屋敷","","","131113",35.566873,139.728266,2025-05-03T13:51:59.481Z
"2700112","京急蒲田","","","131113",35.560796,139.723681,2025-05-03T13:51:59.481Z
"2700113","雑色","","","131113",35.549725,139.715005,2025-05-03T13:51:59.481Z
"2700114","六郷土手","","","131113",35.540577,139.7076,2025-05-03T13:51:59.481Z
"2700202","糀谷","","","131113",35.5545,139.72962,2025-05-03T13:51:59.481Z
"2700203","大鳥居","","","131113",35.552531,139.739356,2025-05-03T13:51:59.481Z
"2700204","穴守稲荷","","","131113",35.550326,139.746669,2025-05-03T13:51:59.481Z
"2700205","天空橋","","","131113",35.548908,139.75423,2025-05-03T13:51:59.481Z
"2700206","羽田空港国内線ターミナル","","","131113",35.549809,139.785962,2025-05-03T13:51:59.481Z
"2700207","羽田空港国際線ターミナル","","","131113",35.544676,139.768968,2025-05-03T13:51:59.481Z
"2800102","田原町","","","131067",35.709897,139.790897,2025-05-03T13:51:59.481Z
"2800103","稲荷町","","","131067",35.711273,139.782593,2025-05-03T13:51:59.481Z
"2800106","末広町","","","131016",35.702972,139.771713,2025-05-03T13:51:59.481Z
"2800109","日本橋","","","131024",35.682078,139.773516,2025-05-03T13:51:59.481Z
"2800110","京橋","","","131024",35.676856,139.770126,2025-05-03T13:51:59.481Z
"2800111","銀座","","","131024",35.671989,139.763965,2025-05-03T13:51:59.481Z
"2800113","虎ノ門","","","131032",35.670236,139.749832,2025-05-03T13:51:59.481Z
"2800114","溜池山王","","","131016",35.673621,139.741419,2025-05-03T13:51:59.481Z
"2800115","永田町","","","131032",35.677021,139.737047,2025-05-03T13:51:59.481Z
"2800116","青山一丁目","","","131032",35.672765,139.724159,2025-05-03T13:51:59.481Z
"2800117","外苑前","","","131032",35.670527,139.717857,2025-05-03T13:51:59.481Z
"2800118","表参道","","","131032",35.665247,139.712314,2025-05-03T13:51:59.481Z
"2800202","新大塚","","","131059",35.72569,139.729971,2025-05-03T13:51:59.481Z
"2800203","茗荷谷","","","131059",35.716989,139.737184,2025-05-03T13:51:59.481Z
"2800204","後楽園","","","131059",35.707898,139.751864,2025-05-03T13:51:59.481Z
"2800205","本郷三丁目","","","131059",35.706671,139.759914,2025-05-03T13:51:59.481Z
"2800207","淡路町","","","131016",35.695434,139.767575,2025-05-03T13:51:59.481Z
"2800208","大手町","","","131016",35.686564,139.7662,2025-05-03T13:51:59.481Z
"2800211","霞ケ関","","","131016",35.673838,139.750899,2025-05-03T13:51:59.481Z
"2800212","国会議事堂前","","","131016",35.67393,139.745219,2025-05-03T13:51:59.481Z
"2800215","四谷三丁目","","","131041",35.687958,139.720103,2025-05-03T13:51:59.481Z
"2800216","新宿御苑前","","","131041",35.688588,139.71069,2025-05-03T13:51:59.481Z
"2800217","新宿三丁目","","","131041",35.690847,139.704895,2025-05-03T13:51:59.481Z
"2800219","西新宿","","","131041",35.694298,139.692778,2025-05-03T13:51:59.481Z
"2800220","中野坂上","","","131148",35.69792,139.68291,2025-05-03T13:51:59.481Z
"2800221","新中野","","","131148",35.697491,139.66903,2025-05-03T13:51:59.481Z
"2800222","東高円寺","","","131156",35.697802,139.657822,2025-05-03T13:51:59.481Z
"2800223","新高円寺","","","131156",35.697985,139.648068,2025-05-03T13:51:59.481Z
"2800224","南阿佐ケ谷","","","131156",35.699624,139.63576,2025-05-03T13:51:59.481Z
"2800226","中野新橋","","","131148",35.692123,139.673997,2025-05-03T13:51:59.481Z
"2800227","中野富士見町","","","131148",35.690514,139.666933,2025-05-03T13:51:59.481Z
"2800228","方南町","","","131156",35.683496,139.656498,2025-05-03T13:51:59.481Z
"2800303","三ノ輪","","","131067",35.729623,139.791485,2025-05-03T13:51:59.481Z
"2800304","入谷","","","131067",35.719862,139.783924,2025-05-03T13:51:59.481Z
"2800308","小伝馬町","","","131024",35.690737,139.778433,2025-05-03T13:51:59.481Z
"2800309","人形町","","","131024",35.686307,139.782285,2025-05-03T13:51:59.481Z
"2800310","茅場町","","","131024",35.679752,139.780005,2025-05-03T13:51:59.481Z
"2800312","築地","","","131024",35.668115,139.772603,2025-05-03T13:51:59.481Z
"2800313","東銀座","","","131024",35.669464,139.767253,2025-05-03T13:51:59.481Z
"2800315","日比谷","","","131016",35.67459,139.76017,2025-05-03T13:51:59.481Z
"2800317","神谷町","","","131032",35.662978,139.745069,2025-05-03T13:51:59.481Z
"2800318","六本木","","","131032",35.662836,139.731443,2025-05-03T13:51:59.481Z
"2800319","広尾","","","131130",35.652279,139.722202,2025-05-03T13:51:59.481Z
"2800402","落合","","","131148",35.710976,139.687284,2025-05-03T13:51:59.481Z
"2800404","早稲田","","","131041",35.705723,139.721319,2025-05-03T13:51:59.481Z
"2800405","神楽坂","","","131041",35.70379,139.734546,2025-05-03T13:51:59.481Z
"2800407","九段下","","","131016",35.695589,139.751948,2025-05-03T13:51:59.481Z
"2800408","竹橋","","","131016",35.690662,139.756817,2025-05-03T13:51:59.481Z
"2800412","門前仲町","","","131083",35.671851,139.796209,2025-05-03T13:51:59.481Z
"2800413","木場","","","131083",35.669351,139.807042,2025-05-03T13:51:59.481Z
"2800414","東陽町","","","131083",35.669629,139.817596,2025-05-03T13:51:59.481Z
"2800415","南砂町","","","131083",35.668796,139.83065,2025-05-03T13:51:59.481Z
"2800416","西葛西","","","131237",35.664631,139.859259,2025-05-03T13:51:59.481Z
"2800417","葛西","","","131237",35.663554,139.872458,2025-05-03T13:51:59.481Z
"2800501","北綾瀬","","","131211",35.777117,139.832035,2025-05-03T13:51:59.481Z
"2800506","千駄木","","","131059",35.725549,139.763243,2025-05-03T13:51:59.481Z
"2800507","根津","","","131059",35.7174,139.765655,2025-05-03T13:51:59.481Z
"2800508","湯島","","","131059",35.708243,139.769916,2025-05-03T13:51:59.481Z
"2800511","二重橋前","","","131016",35.681071,139.761948,2025-05-03T13:51:59.481Z
"2800515","赤坂","","","131032",35.67323,139.738348,2025-05-03T13:51:59.481Z
"2800516","乃木坂","","","131032",35.666572,139.726215,2025-05-03T13:51:59.481Z
"2800604","平和台","","","131202",35.757863,139.653762,2025-05-03T13:51:59.481Z
"2800605","氷川台","","","131202",35.74955,139.665567,2025-05-03T13:51:59.481Z
"2800607","千川","","","131164",35.738229,139.689271,2025-05-03T13:51:59.481Z
"2800608","要町","","","131164",35.73323,139.698715,2025-05-03T13:51:59.481Z
"2800610","東池袋","","","131164",35.725732,139.719546,2025-05-03T13:51:59.481Z
"2800611","護国寺","","","131059",35.719044,139.72754,2025-05-03T13:51:59.481Z
"2800612","江戸川橋","","","131059",35.709495,139.733538,2025-05-03T13:51:59.481Z
"2800615","麹町","","","131016",35.684006,139.737613,2025-05-03T13:51:59.481Z
"2800617","桜田門","","","131016",35.677405,139.75149,2025-05-03T13:51:59.481Z
"2800619","銀座一丁目","","","131024",35.67435,139.767045,2025-05-03T13:51:59.481Z
"2800620","新富町","","","131024",35.670462,139.773711,2025-05-03T13:51:59.481Z
"2800621","月島","","","131024",35.664871,139.784233,2025-05-03T13:51:59.481Z
"2800622","豊洲","","","131083",35.654908,139.79621,2025-05-03T13:51:59.481Z
"2800623","辰巳","","","131083",35.645576,139.81052,2025-05-03T13:51:59.481Z
"2800805","半蔵門","","","131016",35.685703,139.74163,2025-05-03T13:51:59.481Z
"2800807","神保町","","","131016",35.695966,139.757606,2025-05-03T13:51:59.481Z
"2800810","水天宮前","","","131024",35.682683,139.785377,2025-05-03T13:51:59.481Z
"2800811","清澄白河","","","131083",35.682105,139.798851,2025-05-03T13:51:59.481Z
"2800814","住吉","","","131083",35.689073,139.815681,2025-05-03T13:51:59.481Z
"2800901","赤羽岩淵","","","131172",35.783417,139.722103,2025-05-03T13:51:59.481Z
"2800902","志茂","","","131172",35.777948,139.732599,2025-05-03T13:51:59.481Z
"2800903","王子神谷","","","131172",35.765172,139.735933,2025-05-03T13:51:59.481Z
"2800905","西ケ原","","","131172",35.746008,139.742322,2025-05-03T13:51:59.481Z
"2800907","本駒込","","","131059",35.724155,139.753828,2025-05-03T13:51:59.481Z
"2800908","東大前","","","131059",35.717633,139.758025,2025-05-03T13:51:59.481Z
"2800915","六本木一丁目","","","131032",35.665595,139.739,2025-05-03T13:51:59.481Z
"2800916","麻布十番","","","131032",35.654682,139.737051,2025-05-03T13:51:59.481Z
"2800917","白金高輪","","","131032",35.642903,139.734104,2025-05-03T13:51:59.481Z
"2800918","白金台","","","131032",35.637917,139.726133,2025-05-03T13:51:59.481Z
"2801010","雑司が谷","","","131164",35.720233,139.714795,2025-05-03T13:51:59.481Z
"2801011","西早稲田","","","131041",35.708242,139.709101,2025-05-03T13:51:59.481Z
"2801012","東新宿","","","131041",35.698915,139.707593,2025-05-03T13:51:59.481Z
"2801014","北参道","","","131130",35.678459,139.705453,2025-05-03T13:51:59.481Z
"9930101","都庁前","","","131041",35.690551,139.69257,2025-05-03T13:51:59.481Z
"9930102","新宿西口","","","131041",35.693315,139.699155,2025-05-03T13:51:59.481Z
"9930104","若松河田","","","131041",35.699218,139.718184,2025-05-03T13:51:59.481Z
"9930105","牛込柳町","","","131041",35.699518,139.725027,2025-05-03T13:51:59.481Z
"9930106","牛込神楽坂","","","131041",35.700851,139.735802,2025-05-03T13:51:59.481Z
"9930108","春日","","","131059",35.709598,139.75325,2025-05-03T13:51:59.481Z
"9930111","新御徒町","","","131067",35.707045,139.781958,2025-05-03T13:51:59.481Z
"9930112","蔵前","","","131067",35.703236,139.790931,2025-05-03T13:51:59.481Z
"9930114","森下","","","131083",35.68796,139.797042,2025-05-03T13:51:59.481Z
"9930118","勝どき","","","131024",35.658507,139.776442,2025-05-03T13:51:59.481Z
"9930119","築地市場","","","131024",35.664895,139.766915,2025-05-03T13:51:59.481Z
"9930120","汐留","","","131032",35.663703,139.760642,2025-05-03T13:51:59.481Z
"9930121","大門","","","131032",35.656785,139.75466,2025-05-03T13:51:59.481Z
"9930122","赤羽橋","","","131032",35.655007,139.743642,2025-05-03T13:51:59.481Z
"9930126","国立競技場","","","131041",35.679831,139.714932,2025-05-03T13:51:59.481Z
"9930129","西新宿五丁目","","","131041",35.689798,139.684304,2025-05-03T13:51:59.481Z
"9930133","落合南長崎","","","131041",35.723608,139.683303,2025-05-03T13:51:59.481Z
"9930134","新江古田","","","131148",35.732538,139.670653,2025-05-03T13:51:59.481Z
"9930137","練馬春日町","","","131202",35.751452,139.640236,2025-05-03T13:51:59.481Z
"9930138","光が丘","","","131202",35.758526,139.628603,2025-05-03T13:51:59.481Z
"9930201","西馬込","","","131113",35.586859,139.705942,2025-05-03T13:51:59.481Z
"9930202","馬込","","","131113",35.596435,139.711772,2025-05-03T13:51:59.481Z
"9930206","高輪台","","","131032",35.631679,139.730305,2025-05-03T13:51:59.481Z
"9930208","三田","","","131032",35.64818,139.748775,2025-05-03T13:51:59.481Z
"9930219","本所吾妻橋","","","131075",35.70858,139.804624,2025-05-03T13:51:59.481Z
"9930305","芝公園","","","131032",35.654074,139.749824,2025-05-03T13:51:59.481Z
"9930306","御成門","","","131032",35.661215,139.751535,2025-05-03T13:51:59.481Z
"9930307","内幸町","","","131016",35.66975,139.75561,2025-05-03T13:51:59.481Z
"9930313","白山","","","131059",35.721408,139.752136,2025-05-03T13:51:59.481Z
"9930314","千石","","","131059",35.727957,139.744792,2025-05-03T13:51:59.481Z
"9930316","西巣鴨","","","131164",35.743508,139.728712,2025-05-03T13:51:59.481Z
"9930317","新板橋","","","131199",35.748785,139.720101,2025-05-03T13:51:59.481Z
"9930318","板橋区役所前","","","131199",35.751284,139.710102,2025-05-03T13:51:59.481Z
"9930319","板橋本町","","","131199",35.761339,139.705535,2025-05-03T13:51:59.481Z
"9930320","本蓮沼","","","131199",35.768782,139.702324,2025-05-03T13:51:59.481Z
"9930321","志村坂上","","","131199",35.775725,139.69538,2025-05-03T13:51:59.481Z
"9930322","志村三丁目","","","131199",35.777391,139.685937,2025-05-03T13:51:59.481Z
"9930323","蓮根","","","131199",35.784335,139.678993,2025-05-03T13:51:59.481Z
"9930324","西台","","","131199",35.78699,139.673971,2025-05-03T13:51:59.481Z
"9930325","高島平","","","131199",35.789056,139.661216,2025-05-03T13:51:59.481Z
"9930326","新高島平","","","131199",35.790189,139.654275,2025-05-03T13:51:59.481Z
"9930327","西高島平","","","131199",35.791833,139.64594,2025-05-03T13:51:59.481Z
"9930403","曙橋","","","131041",35.692402,139.722881,2025-05-03T13:51:59.481Z
"9930408","岩本町","","","131016",35.695534,139.775866,2025-05-03T13:51:59.481Z
"9930410","浜町","","","131024",35.688516,139.788154,2025-05-03T13:51:59.481Z
"9930412","菊川","","","131075",35.688379,139.806016,2025-05-03T13:51:59.481Z
"9930414","西大島","","","131083",35.689349,139.826206,2025-05-03T13:51:59.481Z
"9930415","大島","","","131083",35.689905,139.83565,2025-05-03T13:51:59.481Z
"9930416","東大島","","","131083",35.690355,139.845963,2025-05-03T13:51:59.481Z
"9930417","船堀","","","131237",35.683795,139.864258,2025-05-03T13:51:59.481Z
"9930418","一之江","","","131237",35.686055,139.882934,2025-05-03T13:51:59.481Z
"9930419","瑞江","","","131237",35.693318,139.89761,2025-05-03T13:51:59.481Z
"9930420","篠崎","","","131237",35.706017,139.903698,2025-05-03T13:51:59.481Z
"9930501","三ノ輪橋","","","131181",35.732248,139.791412,2025-05-03T13:51:59.481Z
"9930502","荒川一中前","","","131181",35.733659,139.788988,2025-05-03T13:51:59.481Z
"9930503","荒川区役所前","","","131181",35.73493,139.786456,2025-05-03T13:51:59.481Z
"9930504","荒川二丁目","","","131181",35.738623,139.784696,2025-05-03T13:51:59.481Z
"9930505","荒川七丁目","","","131181",35.741975,139.78417,2025-05-03T13:51:59.481Z
"9930507","町屋二丁目","","","131181",35.743837,139.776625,2025-05-03T13:51:59.481Z
"9930508","東尾久三丁目","","","131181",35.745398,139.774386,2025-05-03T13:51:59.481Z
"9930509","熊野前","","","131181",35.749212,139.769204,2025-05-03T13:51:59.481Z
"9930510","宮ノ前","","","131181",35.750135,139.764955,2025-05-03T13:51:59.481Z
"9930511","小台","","","131181",35.750579,139.761779,2025-05-03T13:51:59.481Z
"9930512","荒川遊園地前","","","131181",35.750744,139.757767,2025-05-03T13:51:59.481Z
"9930513","荒川車庫前","","","131181",35.750909,139.752617,2025-05-03T13:51:59.481Z
"9930514","梶原","","","131172",35.751162,139.747403,2025-05-03T13:51:59.481Z
"9930515","栄町","","","131172",35.750909,139.742124,2025-05-03T13:51:59.481Z
"9930517","飛鳥山","","","131172",35.750248,139.737382,2025-05-03T13:51:59.481Z
"9930518","滝野川一丁目","","","131172",35.747374,139.735376,2025-05-03T13:51:59.481Z
"9930519","西ヶ原四丁目","","","131172",35.744501,139.732779,2025-05-03T13:51:59.481Z
"9930520","新庚申塚","","","131164",35.741348,139.730451,2025-05-03T13:51:59.481Z
"9930521","庚申塚","","","131164",35.739563,139.729743,2025-05-03T13:51:59.481Z
"9930522","巣鴨新田","","","131164",35.735488,139.727769,2025-05-03T13:51:59.481Z
"9930524","向原","","","131164",35.728938,139.724894,2025-05-03T13:51:59.481Z
"9930526","都電雑司ヶ谷","","","131164",35.724261,139.718006,2025-05-03T13:51:59.481Z
"9930528","学習院下","","","131164",35.716248,139.71247,2025-05-03T13:51:59.481Z
"9930529","面影橋","","","131041",35.712981,139.714444,2025-05-03T13:51:59.481Z
"9930530","早稲田","","","131041",35.711848,139.718928,2025-05-03T13:51:59.481Z
"9930903","浅草","","","131067",35.713817,139.792389,2025-05-03T13:51:59.481Z
"9930906","青井","","","131211",35.771782,139.82038,2025-05-03T13:51:59.481Z
"9930907","六町","","","131211",35.784963,139.821816,2025-05-03T13:51:59.481Z
"9931103","竹芝","","","131032",35.654099,139.762037,2025-05-03T13:51:59.481Z
"9931104","日の出","","","131032",35.649136,139.75906,2025-05-03T13:51:59.481Z
"9931105","芝浦ふ頭","","","131032",35.641773,139.757852,2025-05-03T13:51:59.481Z
"9931106","お台場海浜公園","","","131032",35.629813,139.778607,2025-05-03T13:51:59.481Z
"9931107","台場","","","131032",35.625908,139.771435,2025-05-03T13:51:59.481Z
"9931108","船の科学館","","","131083",35.621462,139.773157,2025-05-03T13:51:59.481Z
"9931109","テレコムセンター","","","131083",35.617593,139.779327,2025-05-03T13:51:59.481Z
"9931110","青海","","","131083",35.62467,139.781132,2025-05-03T13:51:59.481Z
"9931111","国際展示場正門","","","131083",35.630158,139.791228,2025-05-03T13:51:59.481Z
"9931112","有明","","","131083",35.634596,139.793269,2025-05-03T13:51:59.481Z
"9931113","有明テニスの森","","","131083",35.639964,139.78888,2025-05-03T13:51:59.481Z
"9931114","市場前","","","131083",35.645684,139.78564,2025-05-03T13:51:59.481Z
"9931115","新豊洲","","","131083",35.648718,139.789996,2025-05-03T13:51:59.481Z
"9933402","松が谷","","","132012",35.63169,139.422201,2025-05-03T13:51:59.481Z
"9933403","大塚・帝京大学","","","132012",35.636878,139.416461,2025-05-03T13:51:59.481Z
"9933404","中央大学・明星大学","","","132012",35.64197,139.408672,2025-05-03T13:51:59.481Z
"9933406","程久保","","","132128",35.655093,139.410698,2025-05-03T13:51:59.481Z
"9933408","万願寺","","","132128",35.671249,139.420079,2025-05-03T13:51:59.481Z
"9933409","甲州街道","","","132128",35.678262,139.409191,2025-05-03T13:51:59.481Z
"9933410","柴崎体育館","","","132021",35.689475,139.409191,2025-05-03T13:51:59.481Z
"9933411","立川南","","","132021",35.696077,139.412546,2025-05-03T13:51:59.481Z
"9933412","立川北","","","132021",35.699502,139.41254,2025-05-03T13:51:59.481Z
"9933413","高松","","","132021",35.710158,139.413242,2025-05-03T13:51:59.481Z
"9933414","立飛","","","132021",35.714717,139.417387,2025-05-03T13:51:59.481Z
"9933415","泉体育館","","","132021",35.718775,139.419525,2025-05-03T13:51:59.481Z
"9933416","砂川七番","","","132021",35.723319,139.418097,2025-05-03T13:51:59.481Z
"9933418","桜街道","","","132209",35.739,139.416653,2025-05-03T13:51:59.481Z
"9933419","上北台","","","132209",35.745824,139.415822,2025-05-03T13:51:59.481Z
"9933602","天王洲アイル","","","131091",35.622908,139.750675,2025-05-03T13:51:59.481Z
"9933603","大井競馬場前","","","131091",35.595006,139.74708,2025-05-03T13:51:59.481Z
"9933604","流通センター","","","131113",35.58186,139.748964,2025-05-03T13:51:59.481Z
"9933605","昭和島","","","131113",35.570656,139.749918,2025-05-03T13:51:59.481Z
"9933606","整備場","","","131113",35.555125,139.753366,2025-05-03T13:51:59.481Z
"9933608","新整備場","","","131113",35.542773,139.786777,2025-05-03T13:51:59.481Z
"9933702","東雲","","","131083",35.640987,139.804395,2025-05-03T13:51:59.481Z
"9933703","国際展示場","","","131083",35.63441,139.791617,2025-05-03T13:51:59.481Z
"9933704","東京テレポート","","","131083",35.62753,139.778896,2025-05-03T13:51:59.481Z
"9933706","品川シーサイド","","","131091",35.608524,139.749549,2025-05-03T13:51:59.481Z
"9934002","新柴又","","","131229",35.75101,139.879376,2025-05-03T13:51:59.481Z
"9934203","赤土小学校前","","","131181",35.742454,139.768989,2025-05-03T13:51:59.481Z
"9934205","足立小台","","","131211",35.754658,139.770381,2025-05-03T13:51:59.481Z
"9934206","扇大橋","","","131211",35.763897,139.770808,2025-05-03T13:51:59.481Z
"9934207","高野","","","131211",35.768359,139.770679,2025-05-03T13:51:59.481Z
"9934208","江北","","","131211",35.774021,139.770306,2025-05-03T13:51:59.481Z
"9934209","西新井大師西","","","131211",35.781505,139.770094,2025-05-03T13:51:59.481Z
"9934210","谷在家","","","131211",35.788774,139.770043,2025-05-03T13:51:59.481Z
"9934211","舎人公園","","","131211",35.79623,139.770183,2025-05-03T13:51:59.481Z
"9934212","舎人","","","131211",35.8057,139.770108,2025-05-03T13:51:59.481Z
"9934213","見沼代親水公園","","","131211",35.814544,139.770719,2025-05-03T13:51:59.481Z