station_group_id,line_code,created_at
"1130101","JR-East.Tokaido",2025-05-03T13:51:59.477Z
"1130101","JR-East.Yamanote",2025-05-03T13:51:59.477Z
"1130101","JR-East.Yokosuka",2025-05-03T13:51:59.477Z
"1130101","JR-East.ChuoRapid",2025-05-03T13:51:59.477Z
"1130101","JR-East.SobuRapid",2025-05-03T13:51:59.477Z
"1130101","JR-East.Keiyo",2025-05-03T13:51:59.477Z
"1130101","JR-East.KeihinTohokuNegishi",2025-05-03T13:51:59.477Z
"1130101","TokyoMetro.Marunouchi",2025-05-03T13:51:59.477Z
"1130102","JR-East.Tokaido",2025-05-03T13:51:59.477Z
"1130102","JR-East.Yamanote",2025-05-03T13:51:59.477Z
"1130102","JR-East.Yokosuka",2025-05-03T13:51:59.477Z
"1130102","JR-East.KeihinTohokuNegishi",2025-05-03T13:51:59.477Z
"1130102","TokyoMetro.Ginza",2025-05-03T13:51:59.477Z
"1130102","Toei.Asakusa",2025-05-03T13:51:59.477Z
"1130102","Yurikamome.Yurikamome",2025-05-03T13:51:59.477Z
"1130103","JR-East.Tokaido",2025-05-03T13:51:59.477Z
"1130103","JR-East.Yamanote",2025-05-03T13:51:59.477Z
"1130103","JR-East.Yokosuka",2025-05-03T13:51:59.477Z
"1130103","JR-East.KeihinTohokuNegishi",2025-05-03T13:51:59.477Z
"1130103","Keikyu.Main",2025-05-03T13:51:59.477Z
"1130201","JR-East.Yamanote",2025-05-03T13:51:59.477Z
"1130201","JR-East.SaikyoKawagoe",2025-05-03T13:51:59.477Z
"1130201","JR-East.ShonanShinjuku",2025-05-03T13:51:59.477Z
"1130201","TWR.Rinkai",2025-05-03T13:51:59.477Z
"1130202","JR-East.Yamanote",2025-05-03T13:51:59.477Z
"1130202","Toei.Asakusa",2025-05-03T13:51:59.477Z
"1130203","JR-East.Yamanote",2025-05-03T13:51:59.477Z
"1130203","TokyoMetro.Namboku",2025-05-03T13:51:59.477Z
"1130203","Toei.Mita",2025-05-03T13:51:59.477Z
"1130204","JR-East.Yamanote",2025-05-03T13:51:59.477Z
"1130204","JR-East.SaikyoKawagoe",2025-05-03T13:51:59.477Z
"1130204","JR-East.ShonanShinjuku",2025-05-03T13:51:59.477Z
"1130204","TokyoMetro.Hibiya",2025-05-03T13:51:59.477Z
"1130205","JR-East.Yamanote",2025-05-03T13:51:59.477Z
"1130205","JR-East.SaikyoKawagoe",2025-05-03T13:51:59.477Z
"1130205","JR-East.ShonanShinjuku",2025-05-03T13:51:59.477Z
"1130205","Keio.Inokashira",2025-05-03T13:51:59.477Z
"1130205","TokyoMetro.Ginza",2025-05-03T13:51:59.477Z
"1130205","TokyoMetro.Hanzomon",2025-05-03T13:51:59.477Z
"1130205","TokyoMetro.Fukutoshin",2025-05-03T13:51:59.477Z
"1130206","JR-East.Yamanote",2025-05-03T13:51:59.477Z
"1130206","TokyoMetro.Chiyoda",2025-05-03T13:51:59.477Z
"1130206","TokyoMetro.Fukutoshin",2025-05-03T13:51:59.477Z
"1130207","JR-East.Yamanote",2025-05-03T13:51:59.478Z
"1130207","JR-East.ChuoSobuLocal",2025-05-03T13:51:59.478Z
"1130207","Toei.Oedo",2025-05-03T13:51:59.478Z
"1130208","JR-East.Yamanote",2025-05-03T13:51:59.478Z
"1130208","JR-East.ChuoRapid",2025-05-03T13:51:59.478Z
"1130208","JR-East.ChuoSobuLocal",2025-05-03T13:51:59.478Z
"1130208","JR-East.SaikyoKawagoe",2025-05-03T13:51:59.478Z
"1130208","JR-East.ShonanShinjuku",2025-05-03T13:51:59.478Z
"1130208","Keio.Keio",2025-05-03T13:51:59.478Z
"1130208","Keio.KeioNew",2025-05-03T13:51:59.478Z
"1130208","Odakyu.Odawara",2025-05-03T13:51:59.478Z
"1130208","TokyoMetro.Marunouchi",2025-05-03T13:51:59.478Z
"1130208","Toei.Oedo",2025-05-03T13:51:59.478Z
"1130208","Toei.Shinjuku",2025-05-03T13:51:59.478Z
"1130209","JR-East.Yamanote",2025-05-03T13:51:59.478Z
"1130210","JR-East.Yamanote",2025-05-03T13:51:59.478Z
"1130210","Seibu.Shinjuku",2025-05-03T13:51:59.478Z
"1130210","TokyoMetro.Tozai",2025-05-03T13:51:59.478Z
"1130211","JR-East.Yamanote",2025-05-03T13:51:59.478Z
"1130212","JR-East.Yamanote",2025-05-03T13:51:59.478Z
"1130212","JR-East.SaikyoKawagoe",2025-05-03T13:51:59.478Z
"1130212","JR-East.ShonanShinjuku",2025-05-03T13:51:59.478Z
"1130212","Tobu.Tojo",2025-05-03T13:51:59.478Z
"1130212","Seibu.Ikebukuro",2025-05-03T13:51:59.478Z
"1130212","TokyoMetro.Marunouchi",2025-05-03T13:51:59.478Z
"1130212","TokyoMetro.Yurakucho",2025-05-03T13:51:59.478Z
"1130212","TokyoMetro.Fukutoshin",2025-05-03T13:51:59.478Z
"1130213","JR-East.Yamanote",2025-05-03T13:51:59.478Z
"1130213","Toei.Arakawa",2025-05-03T13:51:59.478Z
"1130214","JR-East.Yamanote",2025-05-03T13:51:59.478Z
"1130214","Toei.Mita",2025-05-03T13:51:59.478Z
"1130215","JR-East.Yamanote",2025-05-03T13:51:59.478Z
"1130215","TokyoMetro.Namboku",2025-05-03T13:51:59.478Z
"1130216","JR-East.Yamanote",2025-05-03T13:51:59.478Z
"1130216","JR-East.KeihinTohokuNegishi",2025-05-03T13:51:59.478Z
"1130217","JR-East.Yamanote",2025-05-03T13:51:59.478Z
"1130217","JR-East.KeihinTohokuNegishi",2025-05-03T13:51:59.478Z
"1130217","TokyoMetro.Chiyoda",2025-05-03T13:51:59.478Z
"1130217","Toei.NipporiToneri",2025-05-03T13:51:59.478Z
"1130218","JR-East.Yamanote",2025-05-03T13:51:59.478Z
"1130218","JR-East.JobanRapid",2025-05-03T13:51:59.478Z
"1130218","JR-East.KeihinTohokuNegishi",2025-05-03T13:51:59.478Z
"1130218","Keisei.Main",2025-05-03T13:51:59.478Z
"1130218","Toei.NipporiToneri",2025-05-03T13:51:59.478Z
"1130219","JR-East.Yamanote",2025-05-03T13:51:59.478Z
"1130219","JR-East.KeihinTohokuNegishi",2025-05-03T13:51:59.478Z
"1130220","JR-East.Yamanote",2025-05-03T13:51:59.478Z
"1130220","JR-East.Utsunomiya",2025-05-03T13:51:59.478Z
"1130220","JR-East.JobanRapid",2025-05-03T13:51:59.478Z
"1130220","JR-East.Takasaki",2025-05-03T13:51:59.478Z
"1130220","JR-East.KeihinTohokuNegishi",2025-05-03T13:51:59.478Z
"1130220","TokyoMetro.Ginza",2025-05-03T13:51:59.478Z
"1130220","TokyoMetro.Hibiya",2025-05-03T13:51:59.478Z
"1130221","JR-East.Yamanote",2025-05-03T13:51:59.478Z
"1130221","JR-East.KeihinTohokuNegishi",2025-05-03T13:51:59.478Z
"1130221","TokyoMetro.Ginza",2025-05-03T13:51:59.478Z
"1130221","TokyoMetro.Hibiya",2025-05-03T13:51:59.478Z
"1130221","Toei.Oedo",2025-05-03T13:51:59.478Z
"1130222","JR-East.Yamanote",2025-05-03T13:51:59.478Z
"1130222","JR-East.ChuoSobuLocal",2025-05-03T13:51:59.478Z
"1130222","JR-East.KeihinTohokuNegishi",2025-05-03T13:51:59.478Z
"1130222","TokyoMetro.Hibiya",2025-05-03T13:51:59.478Z
"1130223","JR-East.Yamanote",2025-05-03T13:51:59.478Z
"1130223","JR-East.ChuoRapid",2025-05-03T13:51:59.478Z
"1130223","JR-East.KeihinTohokuNegishi",2025-05-03T13:51:59.478Z
"1130223","TokyoMetro.Ginza",2025-05-03T13:51:59.478Z
"1130225","JR-East.Yamanote",2025-05-03T13:51:59.478Z
"1130225","JR-East.KeihinTohokuNegishi",2025-05-03T13:51:59.478Z
"1130225","TokyoMetro.Yurakucho",2025-05-03T13:51:59.478Z
"1130227","JR-East.Yamanote",2025-05-03T13:51:59.478Z
"1130227","JR-East.KeihinTohokuNegishi",2025-05-03T13:51:59.478Z
"1130228","JR-East.Yamanote",2025-05-03T13:51:59.478Z
"1130228","JR-East.KeihinTohokuNegishi",2025-05-03T13:51:59.478Z
"1130317","JR-East.Nambu",2025-05-03T13:51:59.478Z
"1130318","JR-East.Nambu",2025-05-03T13:51:59.478Z
"1130319","JR-East.Nambu",2025-05-03T13:51:59.478Z
"1130320","JR-East.Nambu",2025-05-03T13:51:59.478Z
"1130320","JR-East.Musashino",2025-05-03T13:51:59.478Z
"1130321","JR-East.Nambu",2025-05-03T13:51:59.478Z
"1130321","Keio.Keio",2025-05-03T13:51:59.478Z
"1130322","JR-East.Nambu",2025-05-03T13:51:59.478Z
"1130323","JR-East.Nambu",2025-05-03T13:51:59.478Z
"1130324","JR-East.Nambu",2025-05-03T13:51:59.478Z
"1130325","JR-East.Nambu",2025-05-03T13:51:59.478Z
"1130325","JR-East.ChuoRapid",2025-05-03T13:51:59.478Z
"1130325","JR-East.Ome",2025-05-03T13:51:59.478Z
"1130329","JR-East.Nambu",2025-05-03T13:51:59.478Z
"1130502","JR-East.Musashino",2025-05-03T13:51:59.478Z
"1130503","JR-East.Musashino",2025-05-03T13:51:59.478Z
"1130503","JR-East.ChuoRapid",2025-05-03T13:51:59.478Z
"1130504","JR-East.Musashino",2025-05-03T13:51:59.478Z
"1130505","JR-East.Musashino",2025-05-03T13:51:59.478Z
"1130610","JR-East.Yokohama",2025-05-03T13:51:59.478Z
"1130611","JR-East.Yokohama",2025-05-03T13:51:59.478Z
"1130611","Odakyu.Odawara",2025-05-03T13:51:59.478Z
"1130617","JR-East.Yokohama",2025-05-03T13:51:59.478Z
"1130618","JR-East.Yokohama",2025-05-03T13:51:59.478Z
"1130619","JR-East.Yokohama",2025-05-03T13:51:59.478Z
"1130620","JR-East.Yokohama",2025-05-03T13:51:59.478Z
"1130620","JR-East.ChuoRapid",2025-05-03T13:51:59.478Z
"1130620","JR-East.Hachiko",2025-05-03T13:51:59.478Z
"1130804","JR-East.Yokosuka",2025-05-03T13:51:59.478Z
"1130804","JR-East.ShonanShinjuku",2025-05-03T13:51:59.478Z
"1131102","JR-East.ChuoRapid",2025-05-03T13:51:59.478Z
"1131102","JR-East.ChuoSobuLocal",2025-05-03T13:51:59.478Z
"1131102","TokyoMetro.Marunouchi",2025-05-03T13:51:59.478Z
"1131102","TokyoMetro.Namboku",2025-05-03T13:51:59.478Z
"1131104","JR-East.ChuoRapid",2025-05-03T13:51:59.478Z
"1131104","JR-East.ChuoSobuLocal",2025-05-03T13:51:59.478Z
"1131104","Keio.Inokashira",2025-05-03T13:51:59.478Z
"1131105","JR-East.ChuoRapid",2025-05-03T13:51:59.478Z
"1131105","JR-East.ChuoSobuLocal",2025-05-03T13:51:59.478Z
"1131106","JR-East.ChuoRapid",2025-05-03T13:51:59.478Z
"1131106","Seibu.Kokubunji",2025-05-03T13:51:59.478Z
"1131106","Seibu.Tamako",2025-05-03T13:51:59.478Z
"1131108","JR-East.ChuoRapid",2025-05-03T13:51:59.478Z
"1131109","JR-East.ChuoRapid",2025-05-03T13:51:59.478Z
"1131111","JR-East.ChuoRapid",2025-05-03T13:51:59.478Z
"1131112","JR-East.Chuo",2025-05-03T13:51:59.478Z
"1131112","JR-East.ChuoRapid",2025-05-03T13:51:59.478Z
"1131112","Keio.Takao",2025-05-03T13:51:59.478Z
"1131203","JR-East.ChuoRapid",2025-05-03T13:51:59.478Z
"1131203","JR-East.ChuoSobuLocal",2025-05-03T13:51:59.478Z
"1131203","TokyoMetro.Marunouchi",2025-05-03T13:51:59.478Z
"1131203","TokyoMetro.Chiyoda",2025-05-03T13:51:59.478Z
"1131214","JR-East.ChuoRapid",2025-05-03T13:51:59.478Z
"1131214","JR-East.ChuoSobuLocal",2025-05-03T13:51:59.478Z
"1131214","TokyoMetro.Tozai",2025-05-03T13:51:59.478Z
"1131215","JR-East.ChuoRapid",2025-05-03T13:51:59.478Z
"1131215","JR-East.ChuoSobuLocal",2025-05-03T13:51:59.478Z
"1131216","JR-East.ChuoRapid",2025-05-03T13:51:59.478Z
"1131216","JR-East.ChuoSobuLocal",2025-05-03T13:51:59.478Z
"1131217","JR-East.ChuoRapid",2025-05-03T13:51:59.478Z
"1131217","JR-East.ChuoSobuLocal",2025-05-03T13:51:59.478Z
"1131217","TokyoMetro.Marunouchi",2025-05-03T13:51:59.478Z
"1131218","JR-East.ChuoRapid",2025-05-03T13:51:59.479Z
"1131218","JR-East.ChuoSobuLocal",2025-05-03T13:51:59.479Z
"1131221","JR-East.ChuoRapid",2025-05-03T13:51:59.479Z
"1131221","Seibu.Tamagawa",2025-05-03T13:51:59.479Z
"1131222","JR-East.ChuoRapid",2025-05-03T13:51:59.479Z
"1131223","JR-East.ChuoRapid",2025-05-03T13:51:59.479Z
"1131226","JR-East.ChuoRapid",2025-05-03T13:51:59.479Z
"1131308","JR-East.ChuoSobuLocal",2025-05-03T13:51:59.479Z
"1131308","Toei.Oedo",2025-05-03T13:51:59.479Z
"1131309","JR-East.ChuoSobuLocal",2025-05-03T13:51:59.479Z
"1131312","JR-East.ChuoSobuLocal",2025-05-03T13:51:59.479Z
"1131313","JR-East.ChuoSobuLocal",2025-05-03T13:51:59.479Z
"1131315","JR-East.ChuoSobuLocal",2025-05-03T13:51:59.479Z
"1131315","TokyoMetro.Yurakucho",2025-05-03T13:51:59.479Z
"1131315","TokyoMetro.Namboku",2025-05-03T13:51:59.479Z
"1131315","Toei.Shinjuku",2025-05-03T13:51:59.479Z
"1131316","JR-East.ChuoSobuLocal",2025-05-03T13:51:59.479Z
"1131316","TokyoMetro.Tozai",2025-05-03T13:51:59.479Z
"1131316","TokyoMetro.Yurakucho",2025-05-03T13:51:59.479Z
"1131316","TokyoMetro.Namboku",2025-05-03T13:51:59.479Z
"1131316","Toei.Oedo",2025-05-03T13:51:59.479Z
"1131317","JR-East.ChuoSobuLocal",2025-05-03T13:51:59.479Z
"1131317","Toei.Mita",2025-05-03T13:51:59.479Z
"1131320","JR-East.ChuoSobuLocal",2025-05-03T13:51:59.479Z
"1131320","Toei.Asakusa",2025-05-03T13:51:59.479Z
"1131321","JR-East.ChuoSobuLocal",2025-05-03T13:51:59.479Z
"1131321","Toei.Oedo",2025-05-03T13:51:59.479Z
"1131322","JR-East.ChuoSobuLocal",2025-05-03T13:51:59.479Z
"1131322","JR-East.SobuRapid",2025-05-03T13:51:59.479Z
"1131322","TokyoMetro.Hanzomon",2025-05-03T13:51:59.479Z
"1131323","JR-East.ChuoSobuLocal",2025-05-03T13:51:59.479Z
"1131323","Tobu.Kameido",2025-05-03T13:51:59.479Z
"1131324","JR-East.ChuoSobuLocal",2025-05-03T13:51:59.479Z
"1131325","JR-East.ChuoSobuLocal",2025-05-03T13:51:59.479Z
"1131325","JR-East.SobuRapid",2025-05-03T13:51:59.479Z
"1131326","JR-East.ChuoSobuLocal",2025-05-03T13:51:59.479Z
"1131402","JR-East.SobuRapid",2025-05-03T13:51:59.479Z
"1131402","TokyoMetro.Ginza",2025-05-03T13:51:59.479Z
"1131402","TokyoMetro.Hanzomon",2025-05-03T13:51:59.479Z
"1131403","JR-East.SobuRapid",2025-05-03T13:51:59.479Z
"1131403","Toei.Asakusa",2025-05-03T13:51:59.479Z
"1131403","Toei.Shinjuku",2025-05-03T13:51:59.479Z
"1131502","JR-East.Ome",2025-05-03T13:51:59.479Z
"1131503","JR-East.Ome",2025-05-03T13:51:59.479Z
"1131504","JR-East.Ome",2025-05-03T13:51:59.479Z
"1131505","JR-East.Ome",2025-05-03T13:51:59.479Z
"1131506","JR-East.Ome",2025-05-03T13:51:59.479Z
"1131506","JR-East.Itsukaichi",2025-05-03T13:51:59.479Z
"1131506","JR-East.Hachiko",2025-05-03T13:51:59.479Z
"1131506","Seibu.Haijima",2025-05-03T13:51:59.479Z
"1131507","JR-East.Ome",2025-05-03T13:51:59.479Z
"1131508","JR-East.Ome",2025-05-03T13:51:59.479Z
"1131509","JR-East.Ome",2025-05-03T13:51:59.479Z
"1131510","JR-East.Ome",2025-05-03T13:51:59.479Z
"1131511","JR-East.Ome",2025-05-03T13:51:59.479Z
"1131512","JR-East.Ome",2025-05-03T13:51:59.479Z
"1131513","JR-East.Ome",2025-05-03T13:51:59.479Z
"1131514","JR-East.Ome",2025-05-03T13:51:59.479Z
"1131515","JR-East.Ome",2025-05-03T13:51:59.479Z
"1131516","JR-East.Ome",2025-05-03T13:51:59.479Z
"1131517","JR-East.Ome",2025-05-03T13:51:59.479Z
"1131518","JR-East.Ome",2025-05-03T13:51:59.479Z
"1131519","JR-East.Ome",2025-05-03T13:51:59.479Z
"1131520","JR-East.Ome",2025-05-03T13:51:59.479Z
"1131521","JR-East.Ome",2025-05-03T13:51:59.479Z
"1131522","JR-East.Ome",2025-05-03T13:51:59.479Z
"1131523","JR-East.Ome",2025-05-03T13:51:59.479Z
"1131524","JR-East.Ome",2025-05-03T13:51:59.479Z
"1131525","JR-East.Ome",2025-05-03T13:51:59.479Z
"1131602","JR-East.Itsukaichi",2025-05-03T13:51:59.479Z
"1131603","JR-East.Itsukaichi",2025-05-03T13:51:59.479Z
"1131604","JR-East.Itsukaichi",2025-05-03T13:51:59.479Z
"1131605","JR-East.Itsukaichi",2025-05-03T13:51:59.479Z
"1131606","JR-East.Itsukaichi",2025-05-03T13:51:59.479Z
"1131607","JR-East.Itsukaichi",2025-05-03T13:51:59.479Z
"1131702","JR-East.Hachiko",2025-05-03T13:51:59.479Z
"1131703","JR-East.Hachiko",2025-05-03T13:51:59.479Z
"1131705","JR-East.Hachiko",2025-05-03T13:51:59.479Z
"1131706","JR-East.Hachiko",2025-05-03T13:51:59.479Z
"1131902","JR-East.Utsunomiya",2025-05-03T13:51:59.479Z
"1131902","JR-East.Takasaki",2025-05-03T13:51:59.479Z
"1131903","JR-East.Utsunomiya",2025-05-03T13:51:59.479Z
"1131903","JR-East.SaikyoKawagoe",2025-05-03T13:51:59.479Z
"1131903","JR-East.Takasaki",2025-05-03T13:51:59.479Z
"1131903","JR-East.KeihinTohokuNegishi",2025-05-03T13:51:59.479Z
"1131903","JR-East.ShonanShinjuku",2025-05-03T13:51:59.479Z
"1132003","JR-East.JobanRapid",2025-05-03T13:51:59.479Z
"1132004","JR-East.JobanRapid",2025-05-03T13:51:59.479Z
"1132004","TokyoMetro.Hibiya",2025-05-03T13:51:59.479Z
"1132005","JR-East.JobanLocal",2025-05-03T13:51:59.479Z
"1132005","JR-East.JobanRapid",2025-05-03T13:51:59.479Z
"1132005","Tobu.TobuSkytree",2025-05-03T13:51:59.479Z
"1132005","TokyoMetro.Hibiya",2025-05-03T13:51:59.479Z
"1132005","TokyoMetro.Chiyoda",2025-05-03T13:51:59.479Z
"1132006","JR-East.JobanLocal",2025-05-03T13:51:59.479Z
"1132006","TokyoMetro.Chiyoda",2025-05-03T13:51:59.479Z
"1132007","JR-East.JobanLocal",2025-05-03T13:51:59.479Z
"1132008","JR-East.JobanLocal",2025-05-03T13:51:59.479Z
"1132008","Keisei.Kanamachi",2025-05-03T13:51:59.479Z
"1132106","JR-East.SaikyoKawagoe",2025-05-03T13:51:59.479Z
"1132107","JR-East.SaikyoKawagoe",2025-05-03T13:51:59.479Z
"1132109","JR-East.SaikyoKawagoe",2025-05-03T13:51:59.479Z
"1132110","JR-East.SaikyoKawagoe",2025-05-03T13:51:59.479Z
"1132602","JR-East.Keiyo",2025-05-03T13:51:59.479Z
"1132602","TokyoMetro.Hibiya",2025-05-03T13:51:59.479Z
"1132603","JR-East.Keiyo",2025-05-03T13:51:59.479Z
"1132604","JR-East.Keiyo",2025-05-03T13:51:59.479Z
"1132605","JR-East.Keiyo",2025-05-03T13:51:59.479Z
"1132605","TokyoMetro.Yurakucho",2025-05-03T13:51:59.479Z
"1132605","TWR.Rinkai",2025-05-03T13:51:59.479Z
"1132606","JR-East.Keiyo",2025-05-03T13:51:59.479Z
"1133211","JR-East.KeihinTohokuNegishi",2025-05-03T13:51:59.479Z
"1133212","JR-East.KeihinTohokuNegishi",2025-05-03T13:51:59.479Z
"1133212","TokyoMetro.Namboku",2025-05-03T13:51:59.479Z
"1133212","Toei.Arakawa",2025-05-03T13:51:59.479Z
"1133213","JR-East.KeihinTohokuNegishi",2025-05-03T13:51:59.479Z
"1133228","JR-East.KeihinTohokuNegishi",2025-05-03T13:51:59.479Z
"1133228","TWR.Rinkai",2025-05-03T13:51:59.479Z
"1133229","JR-East.KeihinTohokuNegishi",2025-05-03T13:51:59.479Z
"1133230","JR-East.KeihinTohokuNegishi",2025-05-03T13:51:59.479Z
"2100102","Tobu.Tojo",2025-05-03T13:51:59.479Z
"2100103","Tobu.Tojo",2025-05-03T13:51:59.479Z
"2100104","Tobu.Tojo",2025-05-03T13:51:59.479Z
"2100105","Tobu.Tojo",2025-05-03T13:51:59.479Z
"2100106","Tobu.Tojo",2025-05-03T13:51:59.479Z
"2100107","Tobu.Tojo",2025-05-03T13:51:59.479Z
"2100108","Tobu.Tojo",2025-05-03T13:51:59.479Z
"2100109","Tobu.Tojo",2025-05-03T13:51:59.479Z
"2100109","TokyoMetro.Yurakucho",2025-05-03T13:51:59.479Z
"2100109","TokyoMetro.Fukutoshin",2025-05-03T13:51:59.479Z
"2100110","Tobu.Tojo",2025-05-03T13:51:59.479Z
"2100110","TokyoMetro.Yurakucho",2025-05-03T13:51:59.479Z
"2100110","TokyoMetro.Fukutoshin",2025-05-03T13:51:59.479Z
"2100201","Tobu.TobuSkytree",2025-05-03T13:51:59.479Z
"2100201","TokyoMetro.Ginza",2025-05-03T13:51:59.479Z
"2100201","Toei.Asakusa",2025-05-03T13:51:59.479Z
"2100202","Tobu.TobuSkytree",2025-05-03T13:51:59.479Z
"2100203","Tobu.TobuSkytreeBranch",2025-05-03T13:51:59.479Z
"2100203","Keisei.Oshiage",2025-05-03T13:51:59.479Z
"2100203","TokyoMetro.Hanzomon",2025-05-03T13:51:59.479Z
"2100203","Toei.Asakusa",2025-05-03T13:51:59.479Z
"2100204","Tobu.TobuSkytree",2025-05-03T13:51:59.479Z
"2100204","Tobu.TobuSkytreeBranch",2025-05-03T13:51:59.479Z
"2100204","Tobu.Kameido",2025-05-03T13:51:59.479Z
"2100205","Tobu.TobuSkytree",2025-05-03T13:51:59.479Z
"2100206","Tobu.TobuSkytree",2025-05-03T13:51:59.479Z
"2100207","Tobu.TobuSkytree",2025-05-03T13:51:59.479Z
"2100208","Tobu.TobuSkytree",2025-05-03T13:51:59.479Z
"2100208","Keisei.Main",2025-05-03T13:51:59.479Z
"2100210","Tobu.TobuSkytree",2025-05-03T13:51:59.479Z
"2100211","Tobu.TobuSkytree",2025-05-03T13:51:59.479Z
"2100212","Tobu.TobuSkytree",2025-05-03T13:51:59.479Z
"2100213","Tobu.TobuSkytree",2025-05-03T13:51:59.479Z
"2100213","Tobu.Daishi",2025-05-03T13:51:59.479Z
"2100214","Tobu.TobuSkytree",2025-05-03T13:51:59.479Z
"2100502","Tobu.Kameido",2025-05-03T13:51:59.479Z
"2100503","Tobu.Kameido",2025-05-03T13:51:59.479Z
"2100504","Tobu.Kameido",2025-05-03T13:51:59.479Z
"2100602","Tobu.Daishi",2025-05-03T13:51:59.479Z
"2200102","Seibu.Ikebukuro",2025-05-03T13:51:59.479Z
"2200103","Seibu.Ikebukuro",2025-05-03T13:51:59.479Z
"2200104","Seibu.Ikebukuro",2025-05-03T13:51:59.479Z
"2200105","Seibu.Ikebukuro",2025-05-03T13:51:59.479Z
"2200106","Seibu.Ikebukuro",2025-05-03T13:51:59.479Z
"2200106","Seibu.SeibuYurakucho",2025-05-03T13:51:59.479Z
"2200106","Seibu.Toshima",2025-05-03T13:51:59.479Z
"2200106","Toei.Oedo",2025-05-03T13:51:59.479Z
"2200107","Seibu.Ikebukuro",2025-05-03T13:51:59.479Z
"2200108","Seibu.Ikebukuro",2025-05-03T13:51:59.479Z
"2200109","Seibu.Ikebukuro",2025-05-03T13:51:59.479Z
"2200110","Seibu.Ikebukuro",2025-05-03T13:51:59.479Z
"2200111","Seibu.Ikebukuro",2025-05-03T13:51:59.479Z
"2200112","Seibu.Ikebukuro",2025-05-03T13:51:59.479Z
"2200113","Seibu.Ikebukuro",2025-05-03T13:51:59.479Z
"2200114","Seibu.Ikebukuro",2025-05-03T13:51:59.479Z
"2200115","Seibu.Ikebukuro",2025-05-03T13:51:59.479Z
"2200116","Seibu.Ikebukuro",2025-05-03T13:51:59.479Z
"2200301","Seibu.SeibuYurakucho",2025-05-03T13:51:59.479Z
"2200301","TokyoMetro.Yurakucho",2025-05-03T13:51:59.479Z
"2200301","TokyoMetro.Fukutoshin",2025-05-03T13:51:59.479Z
"2200302","Seibu.SeibuYurakucho",2025-05-03T13:51:59.479Z
"2200402","Seibu.Toshima",2025-05-03T13:51:59.479Z
"2200402","Toei.Oedo",2025-05-03T13:51:59.479Z
"2200601","Seibu.Yamaguchi",2025-05-03T13:51:59.479Z
"2200601","Seibu.Tamako",2025-05-03T13:51:59.479Z
"2200701","Seibu.Shinjuku",2025-05-03T13:51:59.479Z
"2200703","Seibu.Shinjuku",2025-05-03T13:51:59.479Z
"2200704","Seibu.Shinjuku",2025-05-03T13:51:59.479Z
"2200704","Toei.Oedo",2025-05-03T13:51:59.479Z
"2200705","Seibu.Shinjuku",2025-05-03T13:51:59.479Z
"2200706","Seibu.Shinjuku",2025-05-03T13:51:59.479Z
"2200707","Seibu.Shinjuku",2025-05-03T13:51:59.479Z
"2200708","Seibu.Shinjuku",2025-05-03T13:51:59.479Z
"2200709","Seibu.Shinjuku",2025-05-03T13:51:59.479Z
"2200710","Seibu.Shinjuku",2025-05-03T13:51:59.479Z
"2200711","Seibu.Shinjuku",2025-05-03T13:51:59.479Z
"2200712","Seibu.Shinjuku",2025-05-03T13:51:59.479Z
"2200713","Seibu.Shinjuku",2025-05-03T13:51:59.479Z
"2200714","Seibu.Shinjuku",2025-05-03T13:51:59.479Z
"2200715","Seibu.Shinjuku",2025-05-03T13:51:59.479Z
"2200716","Seibu.Shinjuku",2025-05-03T13:51:59.479Z
"2200717","Seibu.Shinjuku",2025-05-03T13:51:59.480Z
"2200718","Seibu.Shinjuku",2025-05-03T13:51:59.480Z
"2200719","Seibu.Shinjuku",2025-05-03T13:51:59.480Z
"2200719","Seibu.Haijima",2025-05-03T13:51:59.480Z
"2200720","Seibu.Shinjuku",2025-05-03T13:51:59.480Z
"2200721","Seibu.Shinjuku",2025-05-03T13:51:59.480Z
"2200721","Seibu.Seibuen",2025-05-03T13:51:59.480Z
"2200721","Seibu.Kokubunji",2025-05-03T13:51:59.480Z
"2200802","Seibu.Haijima",2025-05-03T13:51:59.480Z
"2200802","Seibu.Tamako",2025-05-03T13:51:59.480Z
"2200803","Seibu.Haijima",2025-05-03T13:51:59.480Z
"2200803","Seibu.Kokubunji",2025-05-03T13:51:59.480Z
"2200804","Seibu.Haijima",2025-05-03T13:51:59.480Z
"2200805","Seibu.Haijima",2025-05-03T13:51:59.480Z
"2200806","Seibu.Haijima",2025-05-03T13:51:59.480Z
"2200807","Seibu.Haijima",2025-05-03T13:51:59.480Z
"2200902","Seibu.Seibuen",2025-05-03T13:51:59.480Z
"2201002","Seibu.Kokubunji",2025-05-03T13:51:59.480Z
"2201003","Seibu.Kokubunji",2025-05-03T13:51:59.480Z
"2201102","Seibu.Tamako",2025-05-03T13:51:59.480Z
"2201103","Seibu.Tamako",2025-05-03T13:51:59.480Z
"2201106","Seibu.Tamako",2025-05-03T13:51:59.480Z
"2201107","Seibu.Tamako",2025-05-03T13:51:59.480Z
"2201202","Seibu.Tamagawa",2025-05-03T13:51:59.480Z
"2201203","Seibu.Tamagawa",2025-05-03T13:51:59.480Z
"2201204","Seibu.Tamagawa",2025-05-03T13:51:59.480Z
"2201205","Seibu.Tamagawa",2025-05-03T13:51:59.480Z
"2201206","Seibu.Tamagawa",2025-05-03T13:51:59.480Z
"2300101","Keisei.Main",2025-05-03T13:51:59.480Z
"2300103","Keisei.Main",2025-05-03T13:51:59.480Z
"2300104","Keisei.Main",2025-05-03T13:51:59.480Z
"2300104","TokyoMetro.Chiyoda",2025-05-03T13:51:59.480Z
"2300104","Toei.Arakawa",2025-05-03T13:51:59.480Z
"2300105","Keisei.Main",2025-05-03T13:51:59.480Z
"2300107","Keisei.Main",2025-05-03T13:51:59.480Z
"2300108","Keisei.Main",2025-05-03T13:51:59.480Z
"2300109","Keisei.Main",2025-05-03T13:51:59.480Z
"2300109","Keisei.Oshiage",2025-05-03T13:51:59.480Z
"2300110","Keisei.Main",2025-05-03T13:51:59.480Z
"2300110","Keisei.Kanamachi",2025-05-03T13:51:59.480Z
"2300110","Keisei.NaritaSkyAccess",2025-05-03T13:51:59.480Z
"2300111","Keisei.Main",2025-05-03T13:51:59.480Z
"2300112","Keisei.Main",2025-05-03T13:51:59.480Z
"2300202","Keisei.Oshiage",2025-05-03T13:51:59.480Z
"2300203","Keisei.Oshiage",2025-05-03T13:51:59.480Z
"2300204","Keisei.Oshiage",2025-05-03T13:51:59.480Z
"2300205","Keisei.Oshiage",2025-05-03T13:51:59.480Z
"2300302","Keisei.Kanamachi",2025-05-03T13:51:59.480Z
"2400102","Keio.KeioNew",2025-05-03T13:51:59.480Z
"2400103","Keio.KeioNew",2025-05-03T13:51:59.480Z
"2400104","Keio.Keio",2025-05-03T13:51:59.480Z
"2400104","Keio.KeioNew",2025-05-03T13:51:59.480Z
"2400105","Keio.Keio",2025-05-03T13:51:59.480Z
"2400106","Keio.Keio",2025-05-03T13:51:59.480Z
"2400106","Keio.Inokashira",2025-05-03T13:51:59.480Z
"2400107","Keio.Keio",2025-05-03T13:51:59.480Z
"2400108","Keio.Keio",2025-05-03T13:51:59.480Z
"2400109","Keio.Keio",2025-05-03T13:51:59.480Z
"2400110","Keio.Keio",2025-05-03T13:51:59.480Z
"2400111","Keio.Keio",2025-05-03T13:51:59.480Z
"2400112","Keio.Keio",2025-05-03T13:51:59.480Z
"2400113","Keio.Keio",2025-05-03T13:51:59.480Z
"2400114","Keio.Keio",2025-05-03T13:51:59.480Z
"2400115","Keio.Keio",2025-05-03T13:51:59.480Z
"2400116","Keio.Keio",2025-05-03T13:51:59.480Z
"2400117","Keio.Keio",2025-05-03T13:51:59.480Z
"2400118","Keio.Keio",2025-05-03T13:51:59.480Z
"2400118","Keio.Sagamihara",2025-05-03T13:51:59.480Z
"2400119","Keio.Keio",2025-05-03T13:51:59.480Z
"2400120","Keio.Keio",2025-05-03T13:51:59.480Z
"2400121","Keio.Keio",2025-05-03T13:51:59.480Z
"2400122","Keio.Keio",2025-05-03T13:51:59.480Z
"2400123","Keio.Keio",2025-05-03T13:51:59.480Z
"2400123","Keio.Keibajo",2025-05-03T13:51:59.480Z
"2400124","Keio.Keio",2025-05-03T13:51:59.480Z
"2400126","Keio.Keio",2025-05-03T13:51:59.480Z
"2400127","Keio.Keio",2025-05-03T13:51:59.480Z
"2400128","Keio.Keio",2025-05-03T13:51:59.480Z
"2400129","Keio.Keio",2025-05-03T13:51:59.480Z
"2400129","Keio.Dobutsuen",2025-05-03T13:51:59.480Z
"2400130","Keio.Keio",2025-05-03T13:51:59.480Z
"2400131","Keio.Keio",2025-05-03T13:51:59.480Z
"2400132","Keio.Keio",2025-05-03T13:51:59.480Z
"2400133","Keio.Keio",2025-05-03T13:51:59.480Z
"2400133","Keio.Takao",2025-05-03T13:51:59.480Z
"2400134","Keio.Keio",2025-05-03T13:51:59.480Z
"2400202","Keio.Sagamihara",2025-05-03T13:51:59.480Z
"2400204","Keio.Sagamihara",2025-05-03T13:51:59.480Z
"2400205","Keio.Sagamihara",2025-05-03T13:51:59.480Z
"2400207","Keio.Sagamihara",2025-05-03T13:51:59.480Z
"2400207","Odakyu.Tama",2025-05-03T13:51:59.480Z
"2400208","Keio.Sagamihara",2025-05-03T13:51:59.480Z
"2400208","Odakyu.Tama",2025-05-03T13:51:59.480Z
"2400209","Keio.Sagamihara",2025-05-03T13:51:59.480Z
"2400210","Keio.Sagamihara",2025-05-03T13:51:59.480Z
"2400211","Keio.Sagamihara",2025-05-03T13:51:59.480Z
"2400302","Keio.Takao",2025-05-03T13:51:59.480Z
"2400303","Keio.Takao",2025-05-03T13:51:59.480Z
"2400304","Keio.Takao",2025-05-03T13:51:59.480Z
"2400305","Keio.Takao",2025-05-03T13:51:59.480Z
"2400307","Keio.Takao",2025-05-03T13:51:59.480Z
"2400402","Keio.Keibajo",2025-05-03T13:51:59.480Z
"2400502","Keio.Dobutsuen",2025-05-03T13:51:59.480Z
"2400602","Keio.Inokashira",2025-05-03T13:51:59.480Z
"2400603","Keio.Inokashira",2025-05-03T13:51:59.480Z
"2400604","Keio.Inokashira",2025-05-03T13:51:59.480Z
"2400605","Keio.Inokashira",2025-05-03T13:51:59.480Z
"2400605","Odakyu.Odawara",2025-05-03T13:51:59.480Z
"2400606","Keio.Inokashira",2025-05-03T13:51:59.480Z
"2400607","Keio.Inokashira",2025-05-03T13:51:59.480Z
"2400609","Keio.Inokashira",2025-05-03T13:51:59.480Z
"2400610","Keio.Inokashira",2025-05-03T13:51:59.480Z
"2400611","Keio.Inokashira",2025-05-03T13:51:59.480Z
"2400612","Keio.Inokashira",2025-05-03T13:51:59.480Z
"2400613","Keio.Inokashira",2025-05-03T13:51:59.480Z
"2400614","Keio.Inokashira",2025-05-03T13:51:59.480Z
"2400615","Keio.Inokashira",2025-05-03T13:51:59.480Z
"2400616","Keio.Inokashira",2025-05-03T13:51:59.480Z
"2500102","Odakyu.Odawara",2025-05-03T13:51:59.480Z
"2500103","Odakyu.Odawara",2025-05-03T13:51:59.480Z
"2500104","Odakyu.Odawara",2025-05-03T13:51:59.480Z
"2500104","TokyoMetro.Chiyoda",2025-05-03T13:51:59.480Z
"2500105","Odakyu.Odawara",2025-05-03T13:51:59.480Z
"2500105","TokyoMetro.Chiyoda",2025-05-03T13:51:59.480Z
"2500106","Odakyu.Odawara",2025-05-03T13:51:59.480Z
"2500108","Odakyu.Odawara",2025-05-03T13:51:59.480Z
"2500109","Odakyu.Odawara",2025-05-03T13:51:59.480Z
"2500110","Odakyu.Odawara",2025-05-03T13:51:59.480Z
"2500111","Odakyu.Odawara",2025-05-03T13:51:59.480Z
"2500112","Odakyu.Odawara",2025-05-03T13:51:59.480Z
"2500113","Odakyu.Odawara",2025-05-03T13:51:59.480Z
"2500114","Odakyu.Odawara",2025-05-03T13:51:59.480Z
"2500115","Odakyu.Odawara",2025-05-03T13:51:59.480Z
"2500116","Odakyu.Odawara",2025-05-03T13:51:59.480Z
"2500117","Odakyu.Odawara",2025-05-03T13:51:59.480Z
"2500125","Odakyu.Odawara",2025-05-03T13:51:59.480Z
"2500126","Odakyu.Odawara",2025-05-03T13:51:59.480Z
"2500308","Odakyu.Tama",2025-05-03T13:51:59.480Z
"2600103","TokyoMetro.Hibiya",2025-05-03T13:51:59.480Z
"2600404","Toei.Asakusa",2025-05-03T13:51:59.480Z
"2600503","Toei.Asakusa",2025-05-03T13:51:59.481Z
"2700101","Keikyu.Main",2025-05-03T13:51:59.481Z
"2700101","Toei.Asakusa",2025-05-03T13:51:59.481Z
"2700103","Keikyu.Main",2025-05-03T13:51:59.481Z
"2700104","Keikyu.Main",2025-05-03T13:51:59.481Z
"2700105","Keikyu.Main",2025-05-03T13:51:59.481Z
"2700106","Keikyu.Main",2025-05-03T13:51:59.481Z
"2700107","Keikyu.Main",2025-05-03T13:51:59.481Z
"2700108","Keikyu.Main",2025-05-03T13:51:59.481Z
"2700109","Keikyu.Main",2025-05-03T13:51:59.481Z
"2700110","Keikyu.Main",2025-05-03T13:51:59.481Z
"2700111","Keikyu.Main",2025-05-03T13:51:59.481Z
"2700112","Keikyu.Main",2025-05-03T13:51:59.481Z
"2700112","Keikyu.Airport",2025-05-03T13:51:59.481Z
"2700113","Keikyu.Main",2025-05-03T13:51:59.481Z
"2700114","Keikyu.Main",2025-05-03T13:51:59.481Z
"2700202","Keikyu.Airport",2025-05-03T13:51:59.481Z
"2700203","Keikyu.Airport",2025-05-03T13:51:59.481Z
"2700204","Keikyu.Airport",2025-05-03T13:51:59.481Z
"2700205","Keikyu.Airport",2025-05-03T13:51:59.481Z
"2700206","Keikyu.Airport",2025-05-03T13:51:59.481Z
"2700207","Keikyu.Airport",2025-05-03T13:51:59.481Z
"2800102","TokyoMetro.Ginza",2025-05-03T13:51:59.481Z
"2800103","TokyoMetro.Ginza",2025-05-03T13:51:59.481Z
"2800106","TokyoMetro.Ginza",2025-05-03T13:51:59.481Z
"2800109","TokyoMetro.Ginza",2025-05-03T13:51:59.481Z
"2800109","TokyoMetro.Tozai",2025-05-03T13:51:59.481Z
"2800109","Toei.Asakusa",2025-05-03T13:51:59.481Z
"2800110","TokyoMetro.Ginza",2025-05-03T13:51:59.481Z
"2800110","Toei.Asakusa",2025-05-03T13:51:59.481Z
"2800111","TokyoMetro.Ginza",2025-05-03T13:51:59.481Z
"2800111","TokyoMetro.Marunouchi",2025-05-03T13:51:59.481Z
"2800111","TokyoMetro.Hibiya",2025-05-03T13:51:59.481Z
"2800113","TokyoMetro.Ginza",2025-05-03T13:51:59.481Z
"2800114","TokyoMetro.Ginza",2025-05-03T13:51:59.481Z
"2800114","TokyoMetro.Namboku",2025-05-03T13:51:59.481Z
"2800115","TokyoMetro.Ginza",2025-05-03T13:51:59.481Z
"2800115","TokyoMetro.Marunouchi",2025-05-03T13:51:59.481Z
"2800115","TokyoMetro.Yurakucho",2025-05-03T13:51:59.481Z
"2800115","TokyoMetro.Hanzomon",2025-05-03T13:51:59.481Z
"2800115","TokyoMetro.Namboku",2025-05-03T13:51:59.481Z
"2800116","TokyoMetro.Ginza",2025-05-03T13:51:59.481Z
"2800116","TokyoMetro.Hanzomon",2025-05-03T13:51:59.481Z
"2800116","Toei.Oedo",2025-05-03T13:51:59.481Z
"2800117","TokyoMetro.Ginza",2025-05-03T13:51:59.481Z
"2800118","TokyoMetro.Ginza",2025-05-03T13:51:59.481Z
"2800118","TokyoMetro.Chiyoda",2025-05-03T13:51:59.481Z
"2800118","TokyoMetro.Hanzomon",2025-05-03T13:51:59.481Z
"2800202","TokyoMetro.Marunouchi",2025-05-03T13:51:59.481Z
"2800203","TokyoMetro.Marunouchi",2025-05-03T13:51:59.481Z
"2800204","TokyoMetro.Marunouchi",2025-05-03T13:51:59.481Z
"2800204","TokyoMetro.Namboku",2025-05-03T13:51:59.481Z
"2800205","TokyoMetro.Marunouchi",2025-05-03T13:51:59.481Z
"2800205","Toei.Oedo",2025-05-03T13:51:59.481Z
"2800207","TokyoMetro.Marunouchi",2025-05-03T13:51:59.481Z
"2800207","Toei.Shinjuku",2025-05-03T13:51:59.481Z
"2800208","TokyoMetro.Marunouchi",2025-05-03T13:51:59.481Z
"2800208","TokyoMetro.Tozai",2025-05-03T13:51:59.481Z
"2800208","TokyoMetro.Chiyoda",2025-05-03T13:51:59.481Z
"2800208","TokyoMetro.Hanzomon",2025-05-03T13:51:59.481Z
"2800208","Toei.Mita",2025-05-03T13:51:59.481Z
"2800211","TokyoMetro.Marunouchi",2025-05-03T13:51:59.481Z
"2800211","TokyoMetro.Hibiya",2025-05-03T13:51:59.481Z
"2800211","TokyoMetro.Chiyoda",2025-05-03T13:51:59.481Z
"2800212","TokyoMetro.Marunouchi",2025-05-03T13:51:59.481Z
"2800212","TokyoMetro.Chiyoda",2025-05-03T13:51:59.481Z
"2800215","TokyoMetro.Marunouchi",2025-05-03T13:51:59.481Z
"2800216","TokyoMetro.Marunouchi",2025-05-03T13:51:59.481Z
"2800217","TokyoMetro.Marunouchi",2025-05-03T13:51:59.481Z
"2800217","TokyoMetro.Fukutoshin",2025-05-03T13:51:59.481Z
"2800217","Toei.Shinjuku",2025-05-03T13:51:59.481Z
"2800219","TokyoMetro.Marunouchi",2025-05-03T13:51:59.481Z
"2800220","TokyoMetro.Marunouchi",2025-05-03T13:51:59.481Z
"2800220","TokyoMetro.MarunouchiBranch",2025-05-03T13:51:59.481Z
"2800220","Toei.Oedo",2025-05-03T13:51:59.481Z
"2800221","TokyoMetro.Marunouchi",2025-05-03T13:51:59.481Z
"2800222","TokyoMetro.Marunouchi",2025-05-03T13:51:59.481Z
"2800223","TokyoMetro.Marunouchi",2025-05-03T13:51:59.481Z
"2800224","TokyoMetro.Marunouchi",2025-05-03T13:51:59.481Z
"2800226","TokyoMetro.MarunouchiBranch",2025-05-03T13:51:59.481Z
"2800227","TokyoMetro.MarunouchiBranch",2025-05-03T13:51:59.481Z
"2800228","TokyoMetro.MarunouchiBranch",2025-05-03T13:51:59.481Z
"2800303","TokyoMetro.Hibiya",2025-05-03T13:51:59.481Z
"2800304","TokyoMetro.Hibiya",2025-05-03T13:51:59.481Z
"2800308","TokyoMetro.Hibiya",2025-05-03T13:51:59.481Z
"2800309","TokyoMetro.Hibiya",2025-05-03T13:51:59.481Z
"2800309","Toei.Asakusa",2025-05-03T13:51:59.481Z
"2800310","TokyoMetro.Hibiya",2025-05-03T13:51:59.481Z
"2800310","TokyoMetro.Tozai",2025-05-03T13:51:59.481Z
"2800312","TokyoMetro.Hibiya",2025-05-03T13:51:59.481Z
"2800313","TokyoMetro.Hibiya",2025-05-03T13:51:59.481Z
"2800313","Toei.Asakusa",2025-05-03T13:51:59.481Z
"2800315","TokyoMetro.Hibiya",2025-05-03T13:51:59.481Z
"2800315","TokyoMetro.Chiyoda",2025-05-03T13:51:59.481Z
"2800315","Toei.Mita",2025-05-03T13:51:59.481Z
"2800317","TokyoMetro.Hibiya",2025-05-03T13:51:59.481Z
"2800318","TokyoMetro.Hibiya",2025-05-03T13:51:59.481Z
"2800318","Toei.Oedo",2025-05-03T13:51:59.481Z
"2800319","TokyoMetro.Hibiya",2025-05-03T13:51:59.481Z
"2800402","TokyoMetro.Tozai",2025-05-03T13:51:59.481Z
"2800404","TokyoMetro.Tozai",2025-05-03T13:51:59.481Z
"2800405","TokyoMetro.Tozai",2025-05-03T13:51:59.481Z
"2800407","TokyoMetro.Tozai",2025-05-03T13:51:59.481Z
"2800407","TokyoMetro.Hanzomon",2025-05-03T13:51:59.481Z
"2800407","Toei.Shinjuku",2025-05-03T13:51:59.481Z
"2800408","TokyoMetro.Tozai",2025-05-03T13:51:59.481Z
"2800412","TokyoMetro.Tozai",2025-05-03T13:51:59.481Z
"2800412","Toei.Oedo",2025-05-03T13:51:59.481Z
"2800413","TokyoMetro.Tozai",2025-05-03T13:51:59.481Z
"2800414","TokyoMetro.Tozai",2025-05-03T13:51:59.481Z
"2800415","TokyoMetro.Tozai",2025-05-03T13:51:59.481Z
"2800416","TokyoMetro.Tozai",2025-05-03T13:51:59.481Z
"2800417","TokyoMetro.Tozai",2025-05-03T13:51:59.481Z
"2800501","TokyoMetro.Chiyoda",2025-05-03T13:51:59.481Z
"2800506","TokyoMetro.Chiyoda",2025-05-03T13:51:59.481Z
"2800507","TokyoMetro.Chiyoda",2025-05-03T13:51:59.481Z
"2800508","TokyoMetro.Chiyoda",2025-05-03T13:51:59.481Z
"2800511","TokyoMetro.Chiyoda",2025-05-03T13:51:59.481Z
"2800515","TokyoMetro.Chiyoda",2025-05-03T13:51:59.481Z
"2800516","TokyoMetro.Chiyoda",2025-05-03T13:51:59.481Z
"2800604","TokyoMetro.Yurakucho",2025-05-03T13:51:59.481Z
"2800604","TokyoMetro.Fukutoshin",2025-05-03T13:51:59.481Z
"2800605","TokyoMetro.Yurakucho",2025-05-03T13:51:59.481Z
"2800605","TokyoMetro.Fukutoshin",2025-05-03T13:51:59.481Z
"2800607","TokyoMetro.Yurakucho",2025-05-03T13:51:59.481Z
"2800607","TokyoMetro.Fukutoshin",2025-05-03T13:51:59.481Z
"2800608","TokyoMetro.Yurakucho",2025-05-03T13:51:59.481Z
"2800608","TokyoMetro.Fukutoshin",2025-05-03T13:51:59.481Z
"2800610","TokyoMetro.Yurakucho",2025-05-03T13:51:59.481Z
"2800610","Toei.Arakawa",2025-05-03T13:51:59.481Z
"2800611","TokyoMetro.Yurakucho",2025-05-03T13:51:59.481Z
"2800612","TokyoMetro.Yurakucho",2025-05-03T13:51:59.481Z
"2800615","TokyoMetro.Yurakucho",2025-05-03T13:51:59.481Z
"2800617","TokyoMetro.Yurakucho",2025-05-03T13:51:59.481Z
"2800619","TokyoMetro.Yurakucho",2025-05-03T13:51:59.481Z
"2800620","TokyoMetro.Yurakucho",2025-05-03T13:51:59.481Z
"2800621","TokyoMetro.Yurakucho",2025-05-03T13:51:59.481Z
"2800621","Toei.Oedo",2025-05-03T13:51:59.481Z
"2800622","TokyoMetro.Yurakucho",2025-05-03T13:51:59.481Z
"2800622","Yurikamome.Yurikamome",2025-05-03T13:51:59.481Z
"2800623","TokyoMetro.Yurakucho",2025-05-03T13:51:59.481Z
"2800805","TokyoMetro.Hanzomon",2025-05-03T13:51:59.481Z
"2800807","TokyoMetro.Hanzomon",2025-05-03T13:51:59.481Z
"2800807","Toei.Mita",2025-05-03T13:51:59.481Z
"2800807","Toei.Shinjuku",2025-05-03T13:51:59.481Z
"2800810","TokyoMetro.Hanzomon",2025-05-03T13:51:59.481Z
"2800811","TokyoMetro.Hanzomon",2025-05-03T13:51:59.481Z
"2800811","Toei.Oedo",2025-05-03T13:51:59.481Z
"2800814","TokyoMetro.Hanzomon",2025-05-03T13:51:59.481Z
"2800814","Toei.Shinjuku",2025-05-03T13:51:59.481Z
"2800901","TokyoMetro.Namboku",2025-05-03T13:51:59.481Z
"2800902","TokyoMetro.Namboku",2025-05-03T13:51:59.481Z
"2800903","TokyoMetro.Namboku",2025-05-03T13:51:59.481Z
"2800905","TokyoMetro.Namboku",2025-05-03T13:51:59.481Z
"2800907","TokyoMetro.Namboku",2025-05-03T13:51:59.481Z
"2800908","TokyoMetro.Namboku",2025-05-03T13:51:59.481Z
"2800915","TokyoMetro.Namboku",2025-05-03T13:51:59.481Z
"2800916","TokyoMetro.Namboku",2025-05-03T13:51:59.481Z
"2800916","Toei.Oedo",2025-05-03T13:51:59.481Z
"2800917","TokyoMetro.Namboku",2025-05-03T13:51:59.481Z
"2800917","Toei.Mita",2025-05-03T13:51:59.481Z
"2800918","TokyoMetro.Namboku",2025-05-03T13:51:59.481Z
"2800918","Toei.Mita",2025-05-03T13:51:59.481Z
"2801010","TokyoMetro.Fukutoshin",2025-05-03T13:51:59.481Z
"2801010","Toei.Arakawa",2025-05-03T13:51:59.481Z
"2801011","TokyoMetro.Fukutoshin",2025-05-03T13:51:59.481Z
"2801012","TokyoMetro.Fukutoshin",2025-05-03T13:51:59.481Z
"2801012","Toei.Oedo",2025-05-03T13:51:59.481Z
"2801014","TokyoMetro.Fukutoshin",2025-05-03T13:51:59.481Z
"9930101","Toei.Oedo",2025-05-03T13:51:59.481Z
"9930102","Toei.Oedo",2025-05-03T13:51:59.481Z
"9930104","Toei.Oedo",2025-05-03T13:51:59.481Z
"9930105","Toei.Oedo",2025-05-03T13:51:59.481Z
"9930106","Toei.Oedo",2025-05-03T13:51:59.481Z
"9930108","Toei.Oedo",2025-05-03T13:51:59.481Z
"9930108","Toei.Mita",2025-05-03T13:51:59.481Z
"9930111","Toei.Oedo",2025-05-03T13:51:59.481Z
"9930112","Toei.Oedo",2025-05-03T13:51:59.481Z
"9930112","Toei.Asakusa",2025-05-03T13:51:59.481Z
"9930114","Toei.Oedo",2025-05-03T13:51:59.481Z
"9930114","Toei.Shinjuku",2025-05-03T13:51:59.481Z
"9930118","Toei.Oedo",2025-05-03T13:51:59.481Z
"9930119","Toei.Oedo",2025-05-03T13:51:59.481Z
"9930120","Toei.Oedo",2025-05-03T13:51:59.481Z
"9930120","Yurikamome.Yurikamome",2025-05-03T13:51:59.481Z
"9930121","Toei.Oedo",2025-05-03T13:51:59.481Z
"9930121","Toei.Asakusa",2025-05-03T13:51:59.481Z
"9930122","Toei.Oedo",2025-05-03T13:51:59.481Z
"9930126","Toei.Oedo",2025-05-03T13:51:59.481Z
"9930129","Toei.Oedo",2025-05-03T13:51:59.481Z
"9930133","Toei.Oedo",2025-05-03T13:51:59.481Z
"9930134","Toei.Oedo",2025-05-03T13:51:59.481Z
"9930137","Toei.Oedo",2025-05-03T13:51:59.481Z
"9930138","Toei.Oedo",2025-05-03T13:51:59.481Z
"9930201","Toei.Asakusa",2025-05-03T13:51:59.481Z
"9930202","Toei.Asakusa",2025-05-03T13:51:59.481Z
"9930206","Toei.Asakusa",2025-05-03T13:51:59.481Z
"9930208","Toei.Asakusa",2025-05-03T13:51:59.481Z
"9930208","Toei.Mita",2025-05-03T13:51:59.481Z
"9930219","Toei.Asakusa",2025-05-03T13:51:59.481Z
"9930305","Toei.Mita",2025-05-03T13:51:59.481Z
"9930306","Toei.Mita",2025-05-03T13:51:59.481Z
"9930307","Toei.Mita",2025-05-03T13:51:59.481Z
"9930313","Toei.Mita",2025-05-03T13:51:59.481Z
"9930314","Toei.Mita",2025-05-03T13:51:59.481Z
"9930316","Toei.Mita",2025-05-03T13:51:59.481Z
"9930317","Toei.Mita",2025-05-03T13:51:59.481Z
"9930318","Toei.Mita",2025-05-03T13:51:59.481Z
"9930319","Toei.Mita",2025-05-03T13:51:59.481Z
"9930320","Toei.Mita",2025-05-03T13:51:59.481Z
"9930321","Toei.Mita",2025-05-03T13:51:59.481Z
"9930322","Toei.Mita",2025-05-03T13:51:59.481Z
"9930323","Toei.Mita",2025-05-03T13:51:59.481Z
"9930324","Toei.Mita",2025-05-03T13:51:59.481Z
"9930325","Toei.Mita",2025-05-03T13:51:59.481Z
"9930326","Toei.Mita",2025-05-03T13:51:59.481Z
"9930327","Toei.Mita",2025-05-03T13:51:59.481Z
"9930403","Toei.Shinjuku",2025-05-03T13:51:59.481Z
"9930408","Toei.Shinjuku",2025-05-03T13:51:59.481Z
"9930410","Toei.Shinjuku",2025-05-03T13:51:59.481Z
"9930412","Toei.Shinjuku",2025-05-03T13:51:59.481Z
"9930414","Toei.Shinjuku",2025-05-03T13:51:59.481Z
"9930415","Toei.Shinjuku",2025-05-03T13:51:59.481Z
"9930416","Toei.Shinjuku",2025-05-03T13:51:59.481Z
"9930417","Toei.Shinjuku",2025-05-03T13:51:59.481Z
"9930418","Toei.Shinjuku",2025-05-03T13:51:59.481Z
"9930419","Toei.Shinjuku",2025-05-03T13:51:59.481Z
"9930420","Toei.Shinjuku",2025-05-03T13:51:59.481Z
"9930501","Toei.Arakawa",2025-05-03T13:51:59.481Z
"9930502","Toei.Arakawa",2025-05-03T13:51:59.481Z
"9930503","Toei.Arakawa",2025-05-03T13:51:59.481Z
"9930504","Toei.Arakawa",2025-05-03T13:51:59.481Z
"9930505","Toei.Arakawa",2025-05-03T13:51:59.481Z
"9930507","Toei.Arakawa",2025-05-03T13:51:59.481Z
"9930508","Toei.Arakawa",2025-05-03T13:51:59.481Z
"9930509","Toei.Arakawa",2025-05-03T13:51:59.481Z
"9930509","Toei.NipporiToneri",2025-05-03T13:51:59.481Z
"9930510","Toei.Arakawa",2025-05-03T13:51:59.481Z
"9930511","Toei.Arakawa",2025-05-03T13:51:59.481Z
"9930512","Toei.Arakawa",2025-05-03T13:51:59.481Z
"9930513","Toei.Arakawa",2025-05-03T13:51:59.481Z
"9930514","Toei.Arakawa",2025-05-03T13:51:59.481Z
"9930515","Toei.Arakawa",2025-05-03T13:51:59.481Z
"9930517","Toei.Arakawa",2025-05-03T13:51:59.481Z
"9930518","Toei.Arakawa",2025-05-03T13:51:59.481Z
"9930519","Toei.Arakawa",2025-05-03T13:51:59.481Z
"9930520","Toei.Arakawa",2025-05-03T13:51:59.481Z
"9930521","Toei.Arakawa",2025-05-03T13:51:59.481Z
"9930522","Toei.Arakawa",2025-05-03T13:51:59.481Z
"9930524","Toei.Arakawa",2025-05-03T13:51:59.481Z
"9930526","Toei.Arakawa",2025-05-03T13:51:59.481Z
"9930528","Toei.Arakawa",2025-05-03T13:51:59.481Z
"9930529","Toei.Arakawa",2025-05-03T13:51:59.481Z
"9930530","Toei.Arakawa",2025-05-03T13:51:59.481Z
"9931103","Yurikamome.Yurikamome",2025-05-03T13:51:59.481Z
"9931104","Yurikamome.Yurikamome",2025-05-03T13:51:59.481Z
"9931105","Yurikamome.Yurikamome",2025-05-03T13:51:59.481Z
"9931106","Yurikamome.Yurikamome",2025-05-03T13:51:59.481Z
"9931107","Yurikamome.Yurikamome",2025-05-03T13:51:59.481Z
"9931108","Yurikamome.Yurikamome",2025-05-03T13:51:59.481Z
"9931109","Yurikamome.Yurikamome",2025-05-03T13:51:59.481Z
"9931110","Yurikamome.Yurikamome",2025-05-03T13:51:59.481Z
"9931111","Yurikamome.Yurikamome",2025-05-03T13:51:59.481Z
"9931112","Yurikamome.Yurikamome",2025-05-03T13:51:59.481Z
"9931113","Yurikamome.Yurikamome",2025-05-03T13:51:59.481Z
"9931114","Yurikamome.Yurikamome",2025-05-03T13:51:59.481Z
"9931115","Yurikamome.Yurikamome",2025-05-03T13:51:59.481Z
"9933602","TWR.Rinkai",2025-05-03T13:51:59.481Z
"9933702","TWR.Rinkai",2025-05-03T13:51:59.481Z
"9933703","TWR.Rinkai",2025-05-03T13:51:59.481Z
"9933704","TWR.Rinkai",2025-05-03T13:51:59.481Z
"9933706","TWR.Rinkai",2025-05-03T13:51:59.481Z
"9934002","Hokuso.Hokuso",2025-05-03T13:51:59.481Z
"9934203","Toei.NipporiToneri",2025-05-03T13:51:59.481Z
"9934205","Toei.NipporiToneri",2025-05-03T13:51:59.481Z
"9934206","Toei.NipporiToneri",2025-05-03T13:51:59.481Z
"9934207","Toei.NipporiToneri",2025-05-03T13:51:59.481Z
"9934208","Toei.NipporiToneri",2025-05-03T13:51:59.481Z
"9934209","Toei.NipporiToneri",2025-05-03T13:51:59.481Z
"9934210","Toei.NipporiToneri",2025-05-03T13:51:59.481Z
"9934211","Toei.NipporiToneri",2025-05-03T13:51:59.481Z
"9934212","Toei.NipporiToneri",2025-05-03T13:51:59.481Z
"9934213","Toei.NipporiToneri",2025-05-03T13:51:59.481Z